s,x,y,heading,curvature,w_left,w_right
0.000000,6.313530,-0.001893,1.122431,0.476990,0.913301,0.932199
0.050000,6.334657,0.043425,1.146897,0.501673,0.914420,0.933129
0.100000,6.354639,0.089258,1.172651,0.528522,0.913417,0.943995
0.150000,6.373404,0.135603,1.199743,0.555131,0.913139,0.945371
0.200000,6.390876,0.182451,1.228101,0.579126,0.913083,0.946017
0.250000,6.406986,0.229785,1.257549,0.598660,0.912754,0.946385
0.300000,6.421674,0.277579,1.287840,0.612826,0.913942,0.946458
0.350000,6.434893,0.325800,1.318707,0.621667,0.914048,0.946352
0.400000,6.446609,0.374408,1.349902,0.625983,0.914250,0.946166
0.450000,6.456799,0.423358,1.381228,0.626954,0.914775,0.946004
0.500000,6.465450,0.472604,1.412547,0.625758,0.916056,0.945972
0.550000,6.472557,0.522096,1.443775,0.623338,0.916054,0.946522
0.600000,6.478119,0.571786,1.474868,0.620353,0.915948,0.948752
0.650000,6.482137,0.621624,1.505807,0.617218,0.915915,0.948785
0.700000,6.484615,0.671563,1.536593,0.614271,0.916051,0.948350
0.750000,6.485558,0.721554,1.567243,0.611797,0.916261,0.945439
0.800000,6.484972,0.771550,1.597787,0.610013,0.916521,0.945179
0.850000,6.482861,0.821506,1.628260,0.608938,0.916563,0.945137
0.900000,6.479230,0.871374,1.658690,0.608262,0.916419,0.945527
0.950000,6.474085,0.921108,1.689083,0.607301,0.916292,0.947363
1.000000,6.467432,0.970664,1.719400,0.605096,0.916308,0.947952
1.050000,6.459283,1.019995,1.749554,0.600668,0.916728,0.949239
1.100000,6.449658,1.069060,1.779414,0.593299,0.917365,0.949535
1.150000,6.438582,1.117818,1.808827,0.582823,0.917639,0.949327
1.200000,6.426091,1.166232,1.837648,0.569743,0.918972,0.949262
1.250000,6.412227,1.214272,1.865772,0.555156,0.923944,0.948971
1.300000,6.397034,1.261908,1.893160,0.540491,0.924534,0.949366
1.350000,6.380560,1.309116,1.919843,0.527151,0.925068,0.948908
1.400000,6.362847,1.355873,1.945915,0.516152,0.925399,0.949236
1.450000,6.343932,1.402157,1.971507,0.507899,0.925857,0.950608
1.500000,6.323848,1.447946,1.996750,0.502146,0.925700,0.952933
1.550000,6.302620,1.493216,2.021754,0.498130,0.926028,0.954404
1.600000,6.280271,1.537943,2.046579,0.494839,0.927925,0.954126
1.650000,6.256822,1.582104,2.071237,0.491270,0.928053,0.952747
1.700000,6.232296,1.625675,2.095692,0.486647,0.928259,0.952586
1.750000,6.206718,1.668637,2.119878,0.480498,0.929040,0.952402
1.800000,6.180115,1.710973,2.143715,0.472665,0.930634,0.952266
1.850000,6.152519,1.752668,2.167120,0.463221,0.930269,0.952172
1.900000,6.123965,1.793712,2.190016,0.452408,0.928514,0.951945
1.950000,6.094490,1.834101,2.212345,0.440576,0.927156,0.951644
2.000000,6.064133,1.873831,2.234064,0.428133,0.927480,0.950889
2.050000,6.032933,1.912901,2.255155,0.415491,0.927752,0.948859
2.100000,6.000927,1.951316,2.275616,0.403014,0.927961,0.947291
2.150000,5.968154,1.989077,2.295463,0.390961,0.928311,0.947089
2.200000,5.934649,2.026191,2.314722,0.379466,0.928465,0.946855
2.250000,5.900446,2.062662,2.333419,0.368534,0.928402,0.946698
2.300000,5.865576,2.098496,2.351583,0.358111,0.928560,0.946540
2.350000,5.830071,2.133701,2.369238,0.348137,0.928724,0.946348
2.400000,5.793958,2.168282,2.386404,0.338589,0.928826,0.946062
2.450000,5.757265,2.202247,2.403104,0.329508,0.928882,0.945690
2.500000,5.720017,2.235602,2.419363,0.320944,0.929127,0.945373
2.550000,5.682238,2.268356,2.435207,0.312900,0.929344,0.945156
2.600000,5.643952,2.300514,2.450660,0.305282,0.929387,0.945055
2.650000,5.605179,2.332084,2.465739,0.297875,0.928932,0.944618
2.700000,5.565941,2.363073,2.480447,0.290384,0.927764,0.943878
2.750000,5.526256,2.393490,2.494773,0.282514,0.927734,0.943123
2.800000,5.486146,2.423342,2.508691,0.274067,0.927898,0.941079
2.850000,5.445631,2.452643,2.522171,0.265041,0.928067,0.939985
2.900000,5.404731,2.481404,2.535190,0.255691,0.927806,0.939300
2.950000,5.363467,2.509640,2.547742,0.246545,0.926977,0.938723
3.000000,5.321858,2.537364,2.559856,0.238356,0.927211,0.938459
3.050000,5.279921,2.564591,2.571602,0.231994,0.927504,0.938096
3.100000,5.237671,2.591329,2.583093,0.228262,0.927698,0.937600
3.150000,5.195118,2.617583,2.594474,0.227666,0.927808,0.936792
3.200000,5.152269,2.643351,2.605906,0.230188,0.927821,0.936169
3.250000,5.109126,2.668623,2.617530,0.235136,0.927351,0.934820
3.300000,5.065689,2.693386,2.629438,0.241126,0.926503,0.934697
3.350000,5.021956,2.717623,2.641635,0.246268,0.924206,0.934832
3.400000,4.977928,2.741321,2.654027,0.248512,0.919690,0.934510
3.450000,4.933610,2.764470,2.666423,0.246112,0.918375,0.934704
3.500000,4.889011,2.787073,2.678559,0.238053,0.915904,0.934039
3.550000,4.844146,2.809144,2.690146,0.224324,0.916045,0.931450
3.600000,4.799036,2.830711,2.700922,0.205939,0.916640,0.928030
3.650000,4.753707,2.851813,2.710695,0.184712,0.917174,0.925683
3.700000,4.708186,2.872496,2.719379,0.162833,0.917926,0.923974
3.750000,4.662497,2.892807,2.726996,0.142399,0.918450,0.922910
3.800000,4.616665,2.912792,2.733661,0.125024,0.918341,0.921509
3.850000,4.570708,2.932490,2.739554,0.111620,0.917406,0.921216
3.900000,4.524642,2.951930,2.744882,0.102413,0.916005,0.921053
3.950000,4.478477,2.971134,2.749851,0.097108,0.914879,0.920957
4.000000,4.432219,2.990113,2.754642,0.095177,0.914369,0.920884
4.050000,4.385871,3.008871,2.759410,0.096105,0.913397,0.920807
4.100000,4.339433,3.027406,2.764288,0.099514,0.913456,0.920544
4.150000,4.292904,3.045709,2.769394,0.105172,0.913454,0.920546
4.200000,4.246279,3.063767,2.774834,0.112845,0.913404,0.920372
4.250000,4.199552,3.081561,2.780702,0.122130,0.913142,0.920158
4.300000,4.152718,3.099069,2.787062,0.132331,0.912785,0.920515
4.350000,4.105769,3.116268,2.793936,0.142448,0.912338,0.920542
4.400000,4.058698,3.133131,2.801291,0.151307,0.911936,0.919418
4.450000,4.011502,3.149638,2.809035,0.157782,0.911684,0.917734
4.500000,3.964177,3.165773,2.817026,0.161040,0.911587,0.916613
4.550000,3.916723,3.181527,2.825089,0.160708,0.910046,0.916400
4.600000,3.869145,3.196899,2.833047,0.156937,0.906979,0.915821
4.650000,3.821448,3.211898,2.840741,0.150308,0.907219,0.914798
4.700000,3.773639,3.226539,2.848048,0.141679,0.907382,0.913018
4.750000,3.725728,3.240840,2.854892,0.131967,0.907698,0.912408
4.800000,3.677724,3.254826,2.861240,0.122001,0.907885,0.911321
4.850000,3.629635,3.268518,2.867097,0.112450,0.906139,0.910100
4.900000,3.581470,3.281939,2.872497,0.103806,0.902628,0.908772
4.950000,3.533236,3.295110,2.877495,0.096440,0.902811,0.908260
5.000000,3.484939,3.308048,2.882162,0.090630,0.902822,0.907282
5.050000,3.436584,3.320767,2.886582,0.086556,0.901886,0.906758
5.100000,3.388174,3.333276,2.890843,0.084250,0.900489,0.906279
5.150000,3.339712,3.345581,2.895030,0.083551,0.900297,0.906137
5.200000,3.291198,3.357683,2.899216,0.084075,0.899389,0.905327
5.250000,3.242635,3.369581,2.903448,0.085262,0.897944,0.902598
5.300000,3.194021,3.381272,2.907744,0.086477,0.897239,0.900534
5.350000,3.145357,3.392753,2.912089,0.087124,0.896042,0.899694
5.400000,3.096643,3.404021,2.916442,0.086746,0.895912,0.899088
5.450000,3.047881,3.415079,2.920746,0.085077,0.895743,0.898660
5.500000,2.999072,3.425929,2.924931,0.082022,0.895089,0.897746
5.550000,2.950220,3.436579,2.928929,0.077633,0.894004,0.897167
5.600000,2.901326,3.447039,2.932678,0.072088,0.891797,0.896340
5.650000,2.852395,3.457324,2.936125,0.065684,0.890746,0.894456
5.700000,2.803431,3.467447,2.939239,0.058861,0.890875,0.893058
5.750000,2.754437,3.477427,2.942012,0.052203,0.890627,0.892674
5.800000,2.705417,3.487278,2.944470,0.046403,0.889925,0.891943
5.850000,2.656374,3.497016,2.946673,0.042156,0.889636,0.891197
5.900000,2.607311,3.506649,2.948714,0.040031,0.889069,0.890132
5.950000,2.558229,3.516185,2.950710,0.040332,0.886962,0.888939
6.000000,2.509127,3.525621,2.952781,0.043006,0.885399,0.888501
6.050000,2.460006,3.534951,2.955039,0.047650,0.885161,0.887539
6.100000,2.410862,3.544164,2.957566,0.053586,0.884902,0.887765
6.150000,2.361693,3.553245,2.960405,0.059984,0.884405,0.887894
6.200000,2.312498,3.562178,2.963561,0.066039,0.883728,0.887972
6.250000,2.263273,3.570949,2.966996,0.071075,0.883596,0.888104
6.300000,2.214018,3.579546,2.970648,0.074634,0.883555,0.888145
6.350000,2.164730,3.587958,2.974436,0.076506,0.883537,0.888163
6.400000,2.115411,3.596183,2.978275,0.076715,0.883358,0.888175
6.450000,2.066061,3.604218,2.982087,0.075483,0.883025,0.888175
6.500000,2.016681,3.612067,2.985808,0.073160,0.883078,0.888156
6.550000,1.967273,3.619736,2.989393,0.070158,0.883216,0.888017
6.600000,1.917838,3.627231,2.992819,0.066855,0.883382,0.887718
6.650000,1.868378,3.634561,2.996078,0.063555,0.883508,0.887592
6.700000,1.818895,3.641734,2.999177,0.060479,0.882274,0.886539
6.750000,1.769391,3.648757,3.002132,0.057845,0.879271,0.884087
6.800000,1.719866,3.655637,3.004971,0.055956,0.878254,0.883078
6.850000,1.670323,3.662378,3.007743,0.055279,0.877822,0.882437
6.900000,1.620761,3.668982,3.010523,0.056400,0.876969,0.881595
6.950000,1.571181,3.675445,3.013414,0.059833,0.877232,0.880666
7.000000,1.521581,3.681760,3.016541,0.065747,0.877311,0.878806
7.050000,1.471961,3.687912,3.020019,0.073700,0.877125,0.876241
7.100000,1.422318,3.693881,3.023926,0.082548,0.875304,0.876678
7.150000,1.372652,3.699644,3.028267,0.090650,0.870625,0.877455
7.200000,1.322959,3.705183,3.032960,0.096327,0.867375,0.878125
7.250000,1.273241,3.710483,3.037851,0.098448,0.867145,0.878355
7.300000,1.223497,3.715539,3.042753,0.096900,0.868793,0.878064
7.350000,1.173730,3.720354,3.047502,0.092715,0.872261,0.877375
7.400000,1.123940,3.724938,3.052010,0.087794,0.873315,0.876347
7.450000,1.074131,3.729304,3.056297,0.084256,0.873984,0.875352
7.500000,1.024304,3.733459,3.060476,0.083718,0.874370,0.875230
7.550000,0.974460,3.737405,3.064718,0.086725,0.873979,0.875621
7.600000,0.924600,3.741135,3.069190,0.092565,0.873747,0.877833
7.650000,0.874722,3.744633,3.073994,0.099526,0.873833,0.881567
7.700000,0.824828,3.747884,3.079132,0.105460,0.873729,0.882082
7.750000,0.774917,3.750872,3.084502,0.108439,0.874410,0.882190
7.800000,0.724991,3.753589,3.089920,0.107288,0.875046,0.882000
7.850000,0.675051,3.756040,3.095170,0.101808,0.876805,0.881610
7.900000,0.625099,3.758236,3.100049,0.092718,0.878326,0.881108
7.950000,0.575138,3.760201,3.104408,0.081371,0.878862,0.880638
8.000000,0.525169,3.761964,3.108175,0.069409,0.879128,0.880372
8.050000,0.475194,3.763552,3.111361,0.058485,0.879288,0.881038
8.100000,0.425215,3.764995,3.114055,0.050068,0.879673,0.882400
8.150000,0.375233,3.766311,3.116416,0.045356,0.880253,0.882147
8.200000,0.325247,3.767514,3.118653,0.045214,0.880422,0.881978
8.250000,0.275259,3.768603,3.121007,0.050100,0.880237,0.881991
8.300000,0.225268,3.769566,3.123731,0.059960,0.879700,0.882200
8.350000,0.175275,3.770379,3.127064,0.074163,0.879243,0.882657
8.400000,0.125279,3.771005,3.131193,0.091466,0.878698,0.883202
8.450000,0.075280,3.771403,3.136233,0.110125,0.878060,0.883840
8.500000,0.025280,3.771526,-3.140986,0.128086,0.874332,0.884484
8.550000,-0.024719,3.771329,-3.134178,0.143295,0.867987,0.885013
8.600000,-0.074716,3.770774,-3.126715,0.154023,0.867638,0.885362
8.650000,-0.124707,3.769834,-3.118852,0.159158,0.870257,0.885494
8.700000,-0.174689,3.768498,-3.110880,0.158428,0.875479,0.885421
8.750000,-0.224659,3.766767,-3.103082,0.152471,0.875760,0.884371
8.800000,-0.274615,3.764655,-3.095687,0.142758,0.876016,0.881424
8.850000,-0.324554,3.762187,-3.088833,0.131360,0.876203,0.878897
8.900000,-0.374476,3.759391,-3.082546,0.120600,0.876326,0.878317
8.950000,-0.424380,3.756294,-3.076738,0.112642,0.875926,0.878331
9.000000,-0.474265,3.752915,-3.071224,0.109103,0.876112,0.878988
9.050000,-0.524132,3.749263,-3.065757,0.110765,0.875996,0.879245
9.100000,-0.573977,3.745335,-3.060078,0.117466,0.875667,0.880328
9.150000,-0.623799,3.741113,-3.053954,0.128169,0.875605,0.882002
9.200000,-0.673592,3.736572,-3.047226,0.141213,0.875905,0.882995
9.250000,-0.723352,3.731679,-3.039824,0.154673,0.875416,0.883767
9.300000,-0.773073,3.726402,-3.031774,0.166743,0.874833,0.884619
9.350000,-0.822748,3.720711,-3.023185,0.176089,0.874100,0.884900
9.400000,-0.872371,3.714583,-3.014211,0.182086,0.873980,0.885306
9.450000,-0.921936,3.708004,-3.005020,0.184899,0.875480,0.886823
9.500000,-0.971439,3.700967,-2.995754,0.185397,0.879479,0.888504
9.550000,-1.020874,3.693472,-2.986496,0.184890,0.881888,0.888248
9.600000,-1.070237,3.685520,-2.977262,0.184763,0.882187,0.888049
9.650000,-1.119525,3.677112,-2.968002,0.186071,0.882353,0.887947
9.700000,-1.168733,3.668246,-2.958629,0.189236,0.882261,0.888039
9.750000,-1.217854,3.658915,-2.949056,0.193936,0.881891,0.889424
9.800000,-1.266883,3.649107,-2.939226,0.199232,0.881355,0.891745
9.850000,-1.315812,3.638812,-2.929139,0.203889,0.880907,0.892776
9.900000,-1.364633,3.628019,-2.918859,0.206800,0.881095,0.894080
9.950000,-1.413340,3.616721,-2.908491,0.207328,0.882883,0.894106
10.000000,-1.461927,3.604920,-2.898158,0.205469,0.884919,0.893781
10.050000,-1.510391,3.592620,-2.887969,0.201803,0.885502,0.893419
10.100000,-1.558728,3.579832,-2.877991,0.197280,0.886302,0.894216
10.150000,-1.606936,3.566568,-2.868240,0.192954,0.887008,0.896331
10.200000,-1.655015,3.552840,-2.858682,0.189747,0.887835,0.897135
10.250000,-1.702960,3.538655,-2.849242,0.188341,0.888633,0.897264
10.300000,-1.750771,3.524020,-2.839818,0.189140,0.889179,0.897221
10.350000,-1.798440,3.508932,-2.830296,0.192282,0.889625,0.897185
10.400000,-1.845962,3.493387,-2.820560,0.197657,0.890379,0.897271
10.450000,-1.893328,3.477373,-2.810505,0.204928,0.890452,0.897710
10.500000,-1.940528,3.460874,-2.800048,0.213568,0.890232,0.898782
10.550000,-1.987548,3.443872,-2.789137,0.222945,0.890139,0.900014
10.600000,-2.034376,3.426347,-2.777751,0.232462,0.890494,0.901693
10.650000,-2.080997,3.408279,-2.765894,0.241698,0.891242,0.904084
10.700000,-2.127397,3.389648,-2.753586,0.250502,0.892224,0.906225
10.750000,-2.173559,3.370438,-2.740848,0.258975,0.894503,0.907751
10.800000,-2.219469,3.350632,-2.727690,0.267359,0.896888,0.907712
10.850000,-2.265110,3.330214,-2.714111,0.275843,0.896809,0.907791
10.900000,-2.310465,3.309169,-2.700104,0.284417,0.896497,0.908530
10.950000,-2.355517,3.287480,-2.685670,0.292803,0.896034,0.909744
11.000000,-2.400246,3.265135,-2.670831,0.300501,0.895716,0.911122
11.050000,-2.444634,3.242120,-2.655636,0.306931,0.896975,0.912701
11.100000,-2.488664,3.218427,-2.640160,0.311586,0.899156,0.913672
11.150000,-2.532319,3.194050,-2.624504,0.314141,0.899284,0.915474
11.200000,-2.575587,3.168992,-2.608774,0.314509,0.899315,0.915985
11.250000,-2.618455,3.143256,-2.593079,0.312831,0.899535,0.916046
11.300000,-2.660915,3.116853,-2.577513,0.309440,0.899984,0.916137
11.350000,-2.702962,3.089797,-2.562151,0.304834,0.900947,0.916082
11.400000,-2.744592,3.062103,-2.547038,0.299628,0.902076,0.916390
11.450000,-2.785802,3.033788,-2.532187,0.294522,0.902938,0.916716
11.500000,-2.826591,3.004870,-2.517575,0.290241,0.905564,0.917419
11.550000,-2.866955,2.975362,-2.503144,0.287458,0.907923,0.919302
11.600000,-2.906892,2.945277,-2.488803,0.286719,0.908310,0.920670
11.650000,-2.946392,2.914623,-2.474441,0.288378,0.908440,0.921943
11.700000,-2.985447,2.883402,-2.459933,0.292542,0.908543,0.922866
11.750000,-3.024040,2.851613,-2.445156,0.299036,0.909324,0.923762
11.800000,-3.062154,2.819250,-2.430004,0.307378,0.910811,0.925328
11.850000,-3.099766,2.786305,-2.414403,0.316792,0.911658,0.926678
11.900000,-3.136851,2.752769,-2.398323,0.326253,0.911280,0.928218
11.950000,-3.173384,2.718632,-2.381790,0.334610,0.911074,0.929340
12.000000,-3.209341,2.683889,-2.364888,0.340751,0.911044,0.930056
12.050000,-3.244701,2.648539,-2.347753,0.343785,0.911419,0.930158
12.100000,-3.279449,2.612586,-2.330555,0.343160,0.912147,0.929747
12.150000,-3.313575,2.576042,-2.313485,0.338717,0.912398,0.929102
12.200000,-3.347078,2.538927,-2.296729,0.330662,0.912695,0.928805
12.250000,-3.379962,2.501262,-2.280458,0.319509,0.913445,0.929650
12.300000,-3.412241,2.463078,-2.264808,0.306032,0.914199,0.931346
12.350000,-3.443932,2.424404,-2.249871,0.291240,0.914853,0.931917
12.400000,-3.475057,2.385272,-2.235686,0.276328,0.915858,0.932415
12.450000,-3.505637,2.345715,-2.222224,0.262566,0.918976,0.932737
12.500000,-3.535696,2.305759,-2.209401,0.251074,0.923009,0.932479
12.550000,-3.565251,2.265428,-2.197079,0.242559,0.923812,0.932796
12.600000,-3.594313,2.224742,-2.185106,0.237081,0.923797,0.933394
12.650000,-3.622892,2.183714,-2.173340,0.233987,0.923454,0.935396
12.700000,-3.650988,2.142355,-2.161691,0.232063,0.923339,0.937681
12.750000,-3.678602,2.100672,-2.150136,0.229874,0.923451,0.939140
12.800000,-3.705736,2.058675,-2.138722,0.226163,0.925998,0.940484
12.850000,-3.732393,2.016374,-2.127548,0.220169,0.930287,0.940172
12.900000,-3.758584,1.973782,-2.116736,0.211748,0.932551,0.940349
12.950000,-3.784322,1.930915,-2.106399,0.201265,0.933648,0.940652
13.000000,-3.809627,1.887792,-2.096627,0.189343,0.933948,0.940908
13.050000,-3.834523,1.844431,-2.087476,0.176580,0.934153,0.941347
13.100000,-3.859036,1.800852,-2.078975,0.163348,0.933382,0.941141
13.150000,-3.883191,1.757074,-2.071146,0.149721,0.932490,0.940910
13.200000,-3.907019,1.713116,-2.064010,0.135546,0.932591,0.940715
13.250000,-3.930548,1.668999,-2.057601,0.120587,0.932715,0.940485
13.300000,-3.953810,1.624740,-2.051963,0.104677,0.933009,0.940191
13.350000,-3.976841,1.580360,-2.047145,0.087819,0.933374,0.939499
13.400000,-3.999677,1.535879,-2.043191,0.070194,0.933858,0.938501
13.450000,-4.022356,1.491318,-2.040132,0.052098,0.935663,0.937613
13.500000,-4.044920,1.446699,-2.037984,0.033814,0.937564,0.936842
13.550000,-4.067407,1.402041,-2.036751,0.015506,0.936440,0.936409
13.600000,-4.089861,1.357367,-2.036433,-0.002841,0.935079,0.936121
13.650000,-4.112320,1.312695,-2.037037,-0.021389,0.936780,0.935825
13.700000,-4.134828,1.268047,-2.038577,-0.040338,0.938661,0.935539
13.750000,-4.157425,1.223445,-2.041077,-0.059755,0.938998,0.935202
13.800000,-4.180156,1.178910,-2.044556,-0.079425,0.939445,0.934848
13.850000,-4.203063,1.134467,-2.049016,-0.098761,0.939957,0.934443
13.900000,-4.226190,1.090136,-2.054417,-0.116824,0.940872,0.933904
13.950000,-4.249574,1.045942,-2.060668,-0.132466,0.942169,0.933408
14.000000,-4.273251,1.001903,-2.067619,-0.144551,0.943064,0.932983
14.050000,-4.297245,0.958036,-2.075068,-0.152219,0.944645,0.932728
14.100000,-4.321572,0.914353,-2.082781,-0.155090,0.946078,0.934139
14.150000,-4.346236,0.870860,-2.090519,-0.153377,0.946375,0.937364
14.200000,-4.371232,0.827557,-2.098071,-0.147855,0.946617,0.939283
14.250000,-4.396548,0.784439,-2.105271,-0.139689,0.946211,0.939689
14.300000,-4.422164,0.741500,-2.112022,-0.130191,0.945828,0.940879
14.350000,-4.448060,0.698728,-2.118288,-0.120544,0.945567,0.942033
14.400000,-4.474212,0.656113,-2.124085,-0.111591,0.946429,0.942217
14.450000,-4.500602,0.613644,-2.129461,-0.103712,0.947593,0.942302
14.500000,-4.527212,0.571313,-2.134469,-0.096833,0.947652,0.942348
14.550000,-4.554027,0.529112,-2.139152,-0.090543,0.947624,0.942376
14.600000,-4.581033,0.487032,-2.143524,-0.084281,0.947091,0.942766
14.650000,-4.608215,0.445066,-2.147574,-0.077542,0.945883,0.943245
14.700000,-4.635560,0.403207,-2.151269,-0.070058,0.945097,0.942688
14.750000,-4.663051,0.361443,-2.154571,-0.061881,0.943969,0.942124
14.800000,-4.690672,0.319764,-2.157453,-0.053352,0.942212,0.942411
14.850000,-4.718403,0.278159,-2.159908,-0.044966,0.940662,0.940764
14.900000,-4.746228,0.236617,-2.161956,-0.037146,0.939585,0.938055
14.950000,-4.774131,0.195126,-2.163631,-0.030005,0.939405,0.937295
15.000000,-4.802095,0.153678,-2.164961,-0.023176,0.938467,0.937325
15.050000,-4.830108,0.112261,-2.165942,-0.015793,0.937541,0.937259
15.100000,-4.858153,0.070867,-2.166519,-0.006666,0.937651,0.936575
15.150000,-4.886211,0.029482,-2.166572,0.005395,0.937638,0.935819
15.200000,-4.914258,-0.011911,-2.165933,0.021146,0.937497,0.934414
15.250000,-4.942261,-0.053333,-2.164412,0.040539,0.935122,0.932978
15.300000,-4.970180,-0.094813,-2.161846,0.062549,0.932210,0.932862
15.350000,-4.997968,-0.136379,-2.158147,0.085285,0.930847,0.933269
15.400000,-5.025580,-0.178064,-2.153337,0.106411,0.929464,0.934236
15.450000,-5.052969,-0.219895,-2.147553,0.123782,0.928220,0.934999
15.500000,-5.080100,-0.261894,-2.141022,0.136080,0.927179,0.935329
15.550000,-5.106945,-0.304077,-2.134009,0.143269,0.927115,0.935185
15.600000,-5.133487,-0.346450,-2.126743,0.146670,0.927362,0.934745
15.650000,-5.159717,-0.389017,-2.119361,0.148609,0.927774,0.933450
15.700000,-5.185631,-0.431778,-2.111867,0.151760,0.928251,0.932249
15.750000,-5.211219,-0.474734,-2.104141,0.158374,0.927482,0.932194
15.800000,-5.236466,-0.517892,-2.095972,0.169640,0.926193,0.932607
15.850000,-5.261345,-0.561263,-2.087121,0.185367,0.924877,0.933923
15.900000,-5.285821,-0.604862,-2.077397,0.204057,0.923396,0.935404
15.950000,-5.309851,-0.648709,-2.066708,0.223301,0.922259,0.936200
16.000000,-5.333390,-0.692822,-2.055094,0.240369,0.921012,0.936648
16.050000,-5.356398,-0.737214,-2.042728,0.252852,0.920317,0.935558
16.100000,-5.378843,-0.781893,-2.029885,0.259168,0.919642,0.934366
16.150000,-5.400708,-0.826859,-2.016893,0.258907,0.916414,0.931901
16.200000,-5.421990,-0.872104,-2.004066,0.252937,0.913832,0.928376
16.250000,-5.442698,-0.917614,-1.991646,0.243269,0.913483,0.926924
16.300000,-5.462851,-0.963372,-1.979750,0.232700,0.912499,0.925109
16.350000,-5.482470,-1.009363,-1.968348,0.224309,0.912220,0.923380
16.400000,-5.501571,-1.055570,-1.957257,0.220880,0.912397,0.921152
16.450000,-5.520160,-1.101986,-1.946173,0.224382,0.912295,0.919104
16.500000,-5.538227,-1.148608,-1.934722,0.235630,0.909408,0.917267
16.550000,-5.555743,-1.195440,-1.922519,0.254176,0.904666,0.914911
16.600000,-5.572661,-1.242490,-1.909232,0.278448,0.902288,0.914561
16.650000,-5.588922,-1.289772,-1.894632,0.306058,0.901442,0.915205
16.700000,-5.604458,-1.337297,-1.878619,0.334195,0.900688,0.915812
16.750000,-5.619198,-1.385075,-1.861241,0.360009,0.897628,0.916461
16.800000,-5.633076,-1.433111,-1.842679,0.380959,0.894742,0.916593
16.850000,-5.646037,-1.481402,-1.823230,0.395107,0.893107,0.915769
16.900000,-5.658042,-1.529939,-1.803266,0.401363,0.891817,0.914190
16.950000,-5.669072,-1.578707,-1.783192,0.399665,0.888465,0.912008
17.000000,-5.679126,-1.627686,-1.763385,0.391037,0.885627,0.909827
17.050000,-5.688220,-1.676852,-1.744148,0.377496,0.886017,0.908470
17.100000,-5.696386,-1.726181,-1.725660,0.361790,0.886641,0.906803
17.150000,-5.703657,-1.775649,-1.707955,0.346977,0.887139,0.905077
17.200000,-5.710069,-1.825236,-1.690913,0.335939,0.887439,0.902146
17.250000,-5.715647,-1.874924,-1.674284,0.330907,0.887590,0.899079
17.300000,-5.720401,-1.924698,-1.657730,0.333119,0.887526,0.896911
17.350000,-5.724324,-1.974543,-1.640879,0.342635,0.887216,0.894551
17.400000,-5.727392,-2.024449,-1.623387,0.358402,0.886219,0.891530
17.450000,-5.729565,-2.074402,-1.604984,0.378530,0.874931,0.890115
17.500000,-5.730792,-2.124387,-1.585509,0.400709,0.865879,0.889998
17.550000,-5.731018,-2.174386,-1.564916,0.422697,0.863036,0.890080
17.600000,-5.730186,-2.224379,-1.543264,0.442716,0.860968,0.888176
17.650000,-5.728249,-2.274342,-1.520682,0.459698,0.860861,0.886539
17.700000,-5.725165,-2.324247,-1.497335,0.473308,0.860739,0.885687
17.750000,-5.720900,-2.374064,-1.473389,0.483796,0.859987,0.885135
17.800000,-5.715432,-2.423765,-1.448985,0.491752,0.859273,0.885136
17.850000,-5.708744,-2.473315,-1.424235,0.497845,0.858644,0.885086
17.900000,-5.700825,-2.522684,-1.399215,0.502613,0.857707,0.881783
17.950000,-5.691668,-2.571838,-1.373984,0.506340,0.855588,0.879539
18.000000,-5.681270,-2.620745,-1.348593,0.508990,0.853967,0.878887
18.050000,-5.669630,-2.669372,-1.323102,0.510205,0.853640,0.878460
18.100000,-5.656755,-2.717685,-1.297597,0.509384,0.853540,0.877763
18.150000,-5.642653,-2.765655,-1.272198,0.505840,0.853490,0.876443
18.200000,-5.627343,-2.813254,-1.247055,0.499020,0.853471,0.873745
18.250000,-5.610850,-2.860455,-1.222339,0.488760,0.846399,0.870756
18.300000,-5.593210,-2.907240,-1.198216,0.475484,0.842094,0.868384
18.350000,-5.574462,-2.953592,-1.174813,0.460251,0.841521,0.865844
18.400000,-5.554653,-2.999501,-1.152192,0.444619,0.841733,0.863467
18.450000,-5.533828,-3.044958,-1.130329,0.430330,0.842394,0.861400
18.500000,-5.512029,-3.089956,-1.109116,0.418924,0.841957,0.856724
18.550000,-5.489292,-3.134487,-1.088381,0.411383,0.841174,0.854307
18.600000,-5.465644,-3.178541,-1.067920,0.407947,0.837011,0.854340
18.650000,-5.441101,-3.222103,-1.047536,0.408126,0.831020,0.852165
18.700000,-5.415674,-3.265155,-1.027073,0.410872,0.828057,0.846825
18.750000,-5.389369,-3.307676,-1.006432,0.414906,0.826636,0.842456
18.800000,-5.362186,-3.349641,-0.985582,0.419017,0.822399,0.841406
18.850000,-5.334131,-3.391029,-0.964542,0.422334,0.819631,0.841356
18.900000,-5.305208,-3.431814,-0.943365,0.424462,0.818704,0.841252
18.950000,-5.275427,-3.471977,-0.922110,0.425469,0.815864,0.841035
19.000000,-5.244797,-3.511497,-0.900826,0.425747,0.812657,0.837104
19.050000,-5.213334,-3.550357,-0.879537,0.425762,0.811496,0.835120
19.100000,-5.181050,-3.588537,-0.858248,0.425798,0.810936,0.829908
19.150000,-5.147961,-3.626022,-0.836957,0.425754,0.807749,0.827649
19.200000,-5.114082,-3.662794,-0.815681,0.425120,0.802628,0.827120
19.250000,-5.079428,-3.698838,-0.794466,0.423086,0.800827,0.825591
19.300000,-5.044021,-3.734141,-0.773406,0.418810,0.800735,0.823220
19.350000,-5.007882,-3.768695,-0.752627,0.411687,0.799929,0.822130
19.400000,-4.971040,-3.802498,-0.732280,0.401585,0.799938,0.820157
19.450000,-4.933527,-3.835555,-0.712505,0.388912,0.800067,0.819073
19.500000,-4.895378,-3.867877,-0.693410,0.374587,0.798278,0.813637
19.550000,-4.856631,-3.899478,-0.675048,0.359893,0.794605,0.810748
19.600000,-4.817321,-3.930377,-0.657401,0.346274,0.792890,0.810136
19.650000,-4.777482,-3.960590,-0.640379,0.335119,0.791325,0.808451
19.700000,-4.737142,-3.990131,-0.623832,0.327526,0.789678,0.805136
19.750000,-4.696323,-4.019007,-0.607562,0.324060,0.789385,0.803868
19.800000,-4.655041,-4.047217,-0.591365,0.324563,0.789409,0.800987
19.850000,-4.613307,-4.074754,-0.575062,0.328104,0.787016,0.799867
19.900000,-4.571126,-4.101601,-0.558536,0.333095,0.784019,0.799679
19.950000,-4.528504,-4.127743,-0.541763,0.337618,0.781185,0.799704
20.000000,-4.485447,-4.153161,-0.524813,0.339880,0.774631,0.794956
20.050000,-4.441965,-4.177845,-0.507832,0.338655,0.770992,0.790884
20.100000,-4.398072,-4.201790,-0.491008,0.333543,0.770450,0.787117
20.150000,-4.353785,-4.225000,-0.474529,0.325008,0.768431,0.784396
20.200000,-4.309128,-4.247488,-0.458541,0.314132,0.767274,0.780921
20.250000,-4.264122,-4.269271,-0.443128,0.302276,0.763530,0.776361
20.300000,-4.218793,-4.290372,-0.428305,0.290733,0.762259,0.775113
20.350000,-4.173161,-4.310812,-0.414030,0.280532,0.759462,0.775093
20.400000,-4.127248,-4.330609,-0.400218,0.272360,0.758714,0.774298
20.450000,-4.081068,-4.349778,-0.386754,0.266648,0.756474,0.772191
20.500000,-4.034637,-4.368330,-0.373509,0.263628,0.753816,0.769978
20.550000,-3.987966,-4.386267,-0.360346,0.263401,0.751207,0.768188
20.600000,-3.941061,-4.403588,-0.347126,0.265870,0.748521,0.762024
20.650000,-3.893931,-4.420283,-0.333721,0.270698,0.747770,0.760275
20.700000,-3.846579,-4.436339,-0.320030,0.277212,0.747492,0.760353
20.750000,-3.799009,-4.451736,-0.305991,0.284400,0.746587,0.758966
20.800000,-3.751225,-4.466456,-0.291603,0.290968,0.742745,0.753689
20.850000,-3.703232,-4.480480,-0.276931,0.295485,0.739559,0.752494
20.900000,-3.655037,-4.493794,-0.262113,0.296594,0.736880,0.751810
20.950000,-3.606650,-4.506392,-0.247347,0.293257,0.734373,0.750241
21.000000,-3.558084,-4.518281,-0.232869,0.285004,0.733251,0.747860
21.050000,-3.509354,-4.529477,-0.218922,0.272104,0.733366,0.747034
21.100000,-3.460476,-4.540010,-0.205714,0.255668,0.732106,0.746325
21.150000,-3.411467,-4.549917,-0.193378,0.237551,0.729839,0.744589
21.200000,-3.362344,-4.559242,-0.181941,0.220131,0.729110,0.739965
21.250000,-3.313122,-4.568024,-0.171306,0.205896,0.729599,0.738064
21.300000,-3.263811,-4.576298,-0.161258,0.196980,0.728537,0.734229
21.350000,-3.214421,-4.584085,-0.151494,0.194703,0.728210,0.733290
21.400000,-3.164957,-4.591389,-0.141672,0.199266,0.724788,0.731946
21.450000,-3.115423,-4.598199,-0.131472,0.209640,0.723418,0.729776
21.500000,-3.065820,-4.604488,-0.120651,0.223732,0.719376,0.729719
21.550000,-3.016150,-4.610222,-0.109090,0.238750,0.713908,0.730303
21.600000,-2.966415,-4.615363,-0.096818,0.251726,0.710551,0.727454
21.650000,-2.916620,-4.619879,-0.084003,0.260055,0.708222,0.726396
21.700000,-2.866770,-4.623749,-0.070925,0.261971,0.706372,0.725803
21.750000,-2.816873,-4.626967,-0.057926,0.256863,0.705292,0.724961
21.800000,-2.766940,-4.629545,-0.045346,0.245360,0.705479,0.722167
21.850000,-2.716979,-4.631511,-0.033465,0.229228,0.706094,0.718345
21.900000,-2.666998,-4.632905,-0.022452,0.211032,0.706777,0.716215
21.950000,-2.617005,-4.633771,-0.012340,0.193668,0.707533,0.711952
22.000000,-2.567007,-4.634152,-0.003018,0.179824,0.705246,0.708597
22.050000,-2.517007,-4.634083,0.005742,0.171493,0.704954,0.707016
22.100000,-2.467009,-4.633583,0.014244,0.169576,0.703414,0.706521
22.150000,-2.417018,-4.632658,0.022805,0.173774,0.701817,0.705735
22.200000,-2.367037,-4.631297,0.031699,0.182689,0.699143,0.706088
22.250000,-2.317070,-4.629480,0.041113,0.194188,0.695820,0.706783
22.300000,-2.267123,-4.627177,0.051116,0.205886,0.694779,0.707321
22.350000,-2.217202,-4.624361,0.061663,0.215637,0.693046,0.707504
22.400000,-2.167315,-4.621008,0.072616,0.221916,0.692711,0.707162
22.450000,-2.117467,-4.617102,0.083779,0.223980,0.690507,0.704304
22.500000,-2.067667,-4.612640,0.094941,0.221869,0.690126,0.701363
22.550000,-2.017919,-4.607626,0.105907,0.216256,0.690306,0.700694
22.600000,-1.968228,-4.602075,0.116527,0.208234,0.688175,0.700197
22.650000,-1.918598,-4.596007,0.126714,0.199141,0.686999,0.699897
22.700000,-1.869030,-4.589445,0.136450,0.190372,0.686401,0.696431
22.750000,-1.819527,-4.582411,0.145784,0.183251,0.686617,0.694229
22.800000,-1.770091,-4.574923,0.154826,0.178861,0.686891,0.693050
22.850000,-1.720724,-4.566993,0.163732,0.177880,0.686757,0.692877
22.900000,-1.671430,-4.558623,0.172677,0.180429,0.686349,0.692921
22.950000,-1.622213,-4.549807,0.181827,0.185982,0.685205,0.692672
23.000000,-1.573080,-4.540535,0.191306,0.193394,0.684682,0.692918
23.050000,-1.524040,-4.530787,0.201168,0.201089,0.684257,0.693343
23.100000,-1.475099,-4.520548,0.211385,0.207359,0.683824,0.693610
23.150000,-1.426268,-4.509802,0.221849,0.210753,0.681968,0.693771
23.200000,-1.377552,-4.498543,0.232391,0.210397,0.679903,0.693834
23.250000,-1.328957,-4.486774,0.242819,0.206186,0.678707,0.690446
23.300000,-1.280485,-4.474504,0.252954,0.198779,0.677823,0.686225
23.350000,-1.232138,-4.461754,0.262664,0.189379,0.676859,0.685090
23.400000,-1.183914,-4.448547,0.271886,0.179449,0.676954,0.684746
23.450000,-1.135811,-4.434907,0.280628,0.170395,0.677098,0.684100
23.500000,-1.087825,-4.420858,0.288965,0.163366,0.676280,0.683899
23.550000,-1.039956,-4.406416,0.297018,0.159162,0.675515,0.683898
23.600000,-0.992204,-4.391593,0.304941,0.158234,0.675420,0.683461
23.650000,-0.944570,-4.376392,0.312903,0.160706,0.675457,0.683343
23.700000,-0.897061,-4.360808,0.321069,0.166350,0.675503,0.683297
23.750000,-0.849683,-4.344829,0.329584,0.174576,0.675305,0.683495
23.800000,-0.802447,-4.328436,0.338553,0.184390,0.674366,0.683845
23.850000,-0.755363,-4.311609,0.348025,0.194484,0.671460,0.684367
23.900000,-0.708446,-4.294325,0.357977,0.203415,0.670551,0.683163
23.950000,-0.661706,-4.276565,0.368318,0.209884,0.670187,0.683213
24.000000,-0.615155,-4.258317,0.378903,0.213031,0.670088,0.683312
24.050000,-0.568801,-4.239574,0.389555,0.212600,0.670340,0.683060
24.100000,-0.522648,-4.220341,0.400105,0.208973,0.670062,0.682745
24.150000,-0.476699,-4.200627,0.410411,0.202990,0.670321,0.681531
24.200000,-0.430951,-4.180448,0.420382,0.195693,0.669935,0.681086
24.250000,-0.385404,-4.159822,0.429977,0.188073,0.669437,0.680104
24.300000,-0.340052,-4.138769,0.439199,0.180876,0.669359,0.679941
24.350000,-0.294893,-4.117307,0.448082,0.174578,0.669429,0.678934
24.400000,-0.249923,-4.095450,0.456678,0.169411,0.669524,0.677739
24.450000,-0.205140,-4.073214,0.465046,0.165472,0.669642,0.677458
24.500000,-0.160542,-4.050607,0.473249,0.162778,0.671073,0.677307
24.550000,-0.116131,-4.027637,0.481347,0.161322,0.671408,0.677192
24.600000,-0.071906,-4.004310,0.489403,0.161049,0.671364,0.677236
24.650000,-0.027870,-3.980628,0.497473,0.161902,0.671557,0.677385
24.700000,0.015972,-3.956589,0.505612,0.163786,0.674913,0.678453
24.750000,0.059616,-3.932192,0.513870,0.166647,0.675441,0.678659
24.800000,0.103055,-3.907432,0.522294,0.170418,0.675774,0.681756
24.850000,0.146281,-3.882303,0.530927,0.175009,0.677042,0.682259
24.900000,0.189286,-3.856796,0.539806,0.180192,0.677186,0.682314
24.950000,0.232059,-3.830902,0.548948,0.185512,0.677040,0.683663
25.000000,0.274590,-3.804614,0.558344,0.190253,0.676865,0.684035
25.050000,0.316870,-3.777922,0.567944,0.193535,0.676469,0.686756
25.100000,0.358889,-3.750823,0.577652,0.194503,0.677534,0.688307
25.150000,0.400643,-3.723317,0.587338,0.192601,0.677679,0.688780
25.200000,0.442131,-3.695411,0.596857,0.187796,0.678365,0.688653
25.250000,0.483356,-3.667117,0.606074,0.180631,0.679771,0.689836
25.300000,0.524323,-3.638452,0.614896,0.172114,0.680484,0.689516
25.350000,0.565043,-3.609436,0.623285,0.163421,0.684496,0.689920
25.400000,0.605523,-3.580088,0.631256,0.155549,0.685328,0.689772
25.450000,0.645774,-3.550426,0.638867,0.149059,0.686030,0.690804
25.500000,0.685803,-3.520464,0.646190,0.143995,0.686010,0.691090
25.550000,0.725614,-3.490214,0.653286,0.139997,0.685801,0.693122
25.600000,0.765213,-3.459687,0.660199,0.136557,0.685835,0.693365
25.650000,0.804603,-3.428889,0.666944,0.133256,0.686620,0.697361
25.700000,0.843786,-3.397830,0.673523,0.129913,0.689484,0.697737
25.750000,0.882767,-3.366517,0.679935,0.126545,0.692609,0.697862
25.800000,0.921549,-3.334958,0.686179,0.123223,0.695157,0.698268
25.850000,0.960136,-3.303161,0.692257,0.119883,0.695436,0.698364
25.900000,0.998531,-3.271133,0.698160,0.116210,0.695309,0.700756
25.950000,1.036740,-3.238883,0.703861,0.111707,0.695816,0.703635
26.000000,1.074768,-3.206420,0.709303,0.105837,0.695837,0.706766
26.050000,1.112625,-3.173757,0.714410,0.098260,0.697550,0.708939
26.100000,1.150321,-3.140909,0.719096,0.088968,0.702976,0.709259
26.150000,1.187870,-3.107893,0.723281,0.078295,0.707566,0.710496
26.200000,1.225291,-3.074731,0.726910,0.066751,0.708773,0.710289
26.250000,1.262600,-3.041444,0.729950,0.054810,0.709315,0.710571
26.300000,1.299818,-3.008055,0.732387,0.042654,0.709443,0.710557
26.350000,1.336965,-2.974587,0.734207,0.030097,0.710167,0.710445
26.400000,1.374061,-2.941063,0.735377,0.016585,0.710894,0.710767
26.450000,1.411131,-2.907509,0.735831,0.001399,0.712487,0.712372
26.500000,1.448198,-2.873953,0.735469,-0.016146,0.713137,0.714086
26.550000,1.485293,-2.840427,0.734162,-0.036461,0.713558,0.713942
26.600000,1.522449,-2.806970,0.731769,-0.059544,0.716678,0.714058
26.650000,1.559705,-2.773624,0.728163,-0.084946,0.719100,0.714550
26.700000,1.597103,-2.740436,0.723246,-0.111882,0.720152,0.715073
26.750000,1.634686,-2.707459,0.716966,-0.139394,0.720920,0.715531
26.800000,1.672498,-2.674744,0.709314,-0.166607,0.723191,0.715601
26.850000,1.710581,-2.642345,0.700324,-0.192912,0.725545,0.716188
26.900000,1.748975,-2.610315,0.690046,-0.218086,0.727231,0.716891
26.950000,1.787715,-2.578705,0.678535,-0.242245,0.735350,0.721548
27.000000,1.826835,-2.547566,0.665834,-0.265724,0.737203,0.725717
27.050000,1.866365,-2.516950,0.651970,-0.288816,0.738903,0.728395
27.100000,1.906333,-2.486907,0.636959,-0.311589,0.741942,0.728160
27.150000,1.946765,-2.457491,0.620824,-0.333735,0.745662,0.728377
27.200000,1.987681,-2.428754,0.603613,-0.354553,0.751121,0.732636
27.250000,2.029100,-2.400745,0.585417,-0.373042,0.755232,0.734668
27.300000,2.071033,-2.373513,0.566382,-0.388040,0.755857,0.734643
27.350000,2.113486,-2.347098,0.546710,-0.398382,0.756139,0.736339
27.400000,2.156456,-2.321533,0.526661,-0.403069,0.761281,0.737285
27.450000,2.199932,-2.296837,0.506535,-0.401397,0.763001,0.737286
27.500000,2.243893,-2.273017,0.486659,-0.393096,0.763285,0.737388
27.550000,2.288313,-2.250064,0.467357,-0.378449,0.764395,0.739954
27.600000,2.333159,-2.227953,0.448926,-0.358359,0.765291,0.743619
27.650000,2.378393,-2.206649,0.431602,-0.334326,0.765200,0.744651
27.700000,2.423977,-2.186103,0.415532,-0.308317,0.764683,0.748345
27.750000,2.469872,-2.166263,0.400762,-0.282497,0.763833,0.752879
27.800000,2.516043,-2.147073,0.387232,-0.258869,0.768870,0.753857
27.850000,2.562459,-2.128484,0.374794,-0.238939,0.769008,0.754469
27.900000,2.609094,-2.110452,0.363243,-0.223398,0.769180,0.762010
27.950000,2.655928,-2.092943,0.352365,-0.212028,0.772482,0.767018
28.000000,2.702946,-2.075933,0.341974,-0.203795,0.779630,0.767435
28.050000,2.750134,-2.059403,0.331954,-0.197112,0.780462,0.767510
28.100000,2.797483,-2.043339,0.322269,-0.190261,0.781121,0.768647
28.150000,2.844983,-2.027725,0.312966,-0.181749,0.783588,0.772925
28.200000,2.892622,-2.012543,0.304153,-0.170590,0.788934,0.778042
28.250000,2.940389,-1.997767,0.295974,-0.156393,0.788873,0.783212
28.300000,2.988270,-1.983364,0.288577,-0.139281,0.788476,0.784111
28.350000,3.036249,-1.969294,0.282099,-0.119712,0.788857,0.784583
28.400000,3.084312,-1.955510,0.276646,-0.098293,0.792448,0.785071
28.450000,3.132442,-1.941963,0.272295,-0.075659,0.793667,0.787218
28.500000,3.180622,-1.928598,0.269092,-0.052463,0.794230,0.790142
28.550000,3.228838,-1.915359,0.267045,-0.029406,0.796192,0.792616
28.600000,3.277073,-1.902191,0.266128,-0.007333,0.795776,0.796692
28.650000,3.325313,-1.889042,0.266268,0.012803,0.797936,0.798693
28.700000,3.373545,-1.875863,0.267342,0.029995,0.797520,0.802281
28.750000,3.421757,-1.862613,0.269183,0.043402,0.799107,0.803327
28.800000,3.469941,-1.849259,0.271589,0.052596,0.799231,0.807207
28.850000,3.518090,-1.835781,0.274354,0.057756,0.802816,0.807535
28.900000,3.566200,-1.822164,0.277297,0.059768,0.807242,0.811505
28.950000,3.614269,-1.808404,0.280296,0.060111,0.807871,0.812834
29.000000,3.662297,-1.794500,0.283313,0.060578,0.813963,0.813395
29.050000,3.710282,-1.780449,0.286396,0.062864,0.814988,0.819933
29.100000,3.758223,-1.766247,0.289667,0.068145,0.822621,0.822433
29.150000,3.806114,-1.751881,0.293286,0.076798,0.823412,0.823506
29.200000,3.853950,-1.737329,0.297409,0.088309,0.822973,0.828341
29.250000,3.901721,-1.722566,0.302151,0.101446,0.823421,0.829211
29.300000,3.949416,-1.707561,0.307552,0.114604,0.823114,0.830430
29.350000,3.997025,-1.692284,0.313575,0.126231,0.826374,0.834363
29.400000,4.044537,-1.676707,0.320115,0.135207,0.827818,0.838080
29.450000,4.091943,-1.660811,0.327026,0.141038,0.829481,0.838599
29.500000,4.139235,-1.644581,0.334153,0.143886,0.830212,0.839587
29.550000,4.186410,-1.628013,0.341363,0.144377,0.831685,0.839439
29.600000,4.233465,-1.611104,0.348559,0.143373,0.839575,0.841230
29.650000,4.280397,-1.593859,0.355687,0.141719,0.840536,0.847553
29.700000,4.327205,-1.576282,0.362732,0.140085,0.840569,0.848025
29.750000,4.373890,-1.558378,0.369708,0.138969,0.840575,0.849628
29.800000,4.420448,-1.540149,0.376649,0.138739,0.842216,0.852519
29.850000,4.466879,-1.521597,0.383610,0.139765,0.848203,0.854068
29.900000,4.513179,-1.502721,0.390664,0.142476,0.853465,0.860572
29.950000,4.559343,-1.483514,0.397907,0.147362,0.854035,0.860948
30.000000,4.605364,-1.463967,0.405459,0.154856,0.854086,0.861576
30.050000,4.651232,-1.444064,0.413456,0.165163,0.857184,0.864479
30.100000,4.696933,-1.423781,0.422034,0.178095,0.859006,0.867920
30.150000,4.742452,-1.403092,0.431308,0.192962,0.861416,0.869766
30.200000,4.787769,-1.381964,0.441346,0.208602,0.860991,0.872213
30.250000,4.832863,-1.360365,0.452150,0.223537,0.860898,0.874207
30.300000,4.877713,-1.338264,0.463647,0.236233,0.862166,0.874747
30.350000,4.922300,-1.315636,0.475692,0.245410,0.862246,0.875516
30.400000,4.966606,-1.292465,0.488090,0.250311,0.865215,0.878692
30.450000,5.010620,-1.268741,0.500624,0.250862,0.868173,0.881378
30.500000,5.054334,-1.244469,0.513093,0.247726,0.871105,0.884533
30.550000,5.097743,-1.219658,0.525342,0.242139,0.872121,0.884354
30.600000,5.140850,-1.194323,0.537288,0.235675,0.872539,0.885688
30.650000,5.183654,-1.168482,0.548927,0.229895,0.876868,0.886715
30.700000,5.226159,-1.142151,0.560323,0.226048,0.877214,0.886778
30.750000,5.268363,-1.115339,0.571593,0.224848,0.877193,0.886807
30.800000,5.310262,-1.088054,0.582873,0.226455,0.877259,0.890211
30.850000,5.351848,-1.060296,0.594297,0.230590,0.878850,0.891259
30.900000,5.393112,-1.032059,0.605980,0.236814,0.882006,0.892155
30.950000,5.434038,-1.003335,0.618019,0.244784,0.881956,0.892828
31.000000,5.474609,-0.974112,0.630498,0.254430,0.883213,0.892846
31.050000,5.514805,-0.944374,0.643506,0.265955,0.883475,0.893304
31.100000,5.554601,-0.914104,0.657144,0.279645,0.886846,0.896174
31.150000,5.593969,-0.883280,0.671524,0.295616,0.887452,0.899546
31.200000,5.632877,-0.851877,0.686752,0.313539,0.889498,0.900334
31.250000,5.671288,-0.819867,0.702903,0.332536,0.888979,0.902779
31.300000,5.709161,-0.787224,0.719997,0.351234,0.890722,0.911765
31.350000,5.746456,-0.753921,0.737980,0.368033,0.890245,0.912553
31.400000,5.783133,-0.719938,0.756718,0.381463,0.892463,0.915860
31.450000,5.819156,-0.685263,0.776020,0.390565,0.892236,0.916263
31.500000,5.854496,-0.649893,0.795664,0.395143,0.892272,0.916228
31.550000,5.889132,-0.613832,0.815438,0.395824,0.892532,0.915968
31.600000,5.923048,-0.577094,0.835182,0.393912,0.899395,0.916599
31.650000,5.956234,-0.539695,0.854806,0.391060,0.901125,0.917790
31.700000,5.988683,-0.501655,0.874303,0.388857,0.905072,0.920028
31.750000,6.020385,-0.462990,0.893735,0.388445,0.905103,0.920019
31.800000,6.051330,-0.423716,0.913202,0.390293,0.905035,0.922483
31.850000,6.081502,-0.383846,0.932813,0.394163,0.905967,0.923094
31.900000,6.110882,-0.343388,0.952650,0.399323,0.906891,0.926140
31.950000,6.139448,-0.302352,0.972755,0.404900,0.906495,0.928209
32.000000,6.167177,-0.260746,0.993135,0.410319,0.905958,0.929008
32.050000,6.194048,-0.218579,1.013783,0.415628,0.908465,0.929038
32.100000,6.220036,-0.175864,1.034713,0.421620,0.908624,0.928986
32.150000,6.245117,-0.132610,1.055991,0.429642,0.908974,0.928930
32.200000,6.269262,-0.088826,1.077757,0.441176,0.909302,0.928818
32.250000,6.292435,-0.044520,1.100213,0.457293,0.912043,0.929157
