s,x,y,w_left,w_right
0.0000,6.3214,-0.0056,0.9220,0.9235
0.0500,6.3433,0.0393,0.9240,0.9235
0.1000,6.3642,0.0847,0.9240,0.9334
0.1500,6.3839,0.1307,0.9247,0.9338
0.2000,6.4020,0.1773,0.9253,0.9338
0.2500,6.4185,0.2245,0.9253,0.9338
0.3000,6.4334,0.2722,0.9267,0.9337
0.3500,6.4466,0.3205,0.9267,0.9337
0.4000,6.4582,0.3691,0.9267,0.9337
0.4499,6.4683,0.4180,0.9270,0.9337
0.4999,6.4770,0.4673,0.9283,0.9337
0.5499,6.4842,0.5167,0.9283,0.9341
0.5999,6.4900,0.5664,0.9283,0.9364
0.6499,6.4942,0.6162,0.9283,0.9364
0.6999,6.4967,0.6662,0.9283,0.9364
0.7499,6.4976,0.7161,0.9283,0.9334
0.7999,6.4969,0.7661,0.9283,0.9334
0.8499,6.4949,0.8161,0.9283,0.9334
0.8999,6.4916,0.8660,0.9283,0.9334
0.9499,6.4868,0.9157,0.9283,0.9353
0.9999,6.4806,0.9653,0.9285,0.9355
1.0499,6.4727,1.0147,0.9289,0.9369
1.0999,6.4633,1.0638,0.9296,0.9373
1.1498,6.4522,1.1126,0.9296,0.9373
1.1998,6.4396,1.1609,0.9296,0.9377
1.2498,6.4255,1.2089,0.9350,0.9377
1.2998,6.4100,1.2564,0.9350,0.9389
1.3498,6.3932,1.3035,0.9350,0.9389
1.3998,6.3755,1.3502,0.9350,0.9393
1.4498,6.3567,1.3966,0.9355,0.9405
1.4998,6.3370,1.4425,0.9355,0.9428
1.5498,6.3162,1.4880,0.9355,0.9444
1.5998,6.2942,1.5329,0.9380,0.9444
1.6498,6.2709,1.5771,0.9380,0.9428
1.6998,6.2465,1.6207,0.9380,0.9428
1.7498,6.2210,1.6637,0.9382,0.9428
1.7998,6.1945,1.7061,0.9401,0.9428
1.8497,6.1671,1.7479,0.9401,0.9428
1.8997,6.1386,1.7890,0.9382,0.9428
1.9497,6.1091,1.8294,0.9360,0.9428
1.9997,6.0787,1.8691,0.9360,0.9428
2.0497,6.0475,1.9081,0.9360,0.9411
2.0997,6.0154,1.9465,0.9358,0.9394
2.1497,5.9827,1.9843,0.9360,0.9394
2.1997,5.9492,2.0214,0.9360,0.9394
2.2497,5.9151,2.0579,0.9357,0.9394
2.2997,5.8803,2.0938,0.9357,0.9394
2.3497,5.8448,2.1291,0.9357,0.9394
2.3997,5.8088,2.1637,0.9357,0.9393
2.4497,5.7721,2.1976,0.9354,0.9392
2.4997,5.7348,2.2310,0.9354,0.9391
2.5497,5.6970,2.2637,0.9354,0.9391
2.5997,5.6588,2.2960,0.9354,0.9391
2.6496,5.6202,2.3277,0.9354,0.9389
2.6996,5.5810,2.3588,0.9337,0.9380
2.7496,5.5414,2.3893,0.9335,0.9380
2.7996,5.5013,2.4192,0.9335,0.9358
2.8496,5.4608,2.4484,0.9334,0.9348
2.8996,5.4199,2.4772,0.9334,0.9343
2.9496,5.3786,2.5054,0.9319,0.9338
2.9996,5.3370,2.5331,0.9319,0.9338
3.0496,5.2950,2.5602,0.9319,0.9337
3.0996,5.2527,2.5869,0.9319,0.9337
3.1496,5.2102,2.6132,0.9319,0.9327
3.1996,5.1674,2.6390,0.9319,0.9327
3.2496,5.1245,2.6646,0.9319,0.9307
3.2996,5.0813,2.6898,0.9312,0.9300
3.3496,5.0379,2.7146,0.9312,0.9300
3.3996,4.9942,2.7389,0.9253,0.9289
3.4495,4.9501,2.7625,0.9253,0.9289
3.4995,4.9056,2.7852,0.9217,0.9289
3.5495,4.8606,2.8071,0.9212,0.9273
3.5995,4.8153,2.8282,0.9212,0.9241
3.6495,4.7697,2.8487,0.9208,0.9225
3.6995,4.7239,2.8688,0.9208,0.9211
3.7495,4.6780,2.8886,0.9208,0.9211
3.7995,4.6321,2.9083,0.9206,0.9196
3.8495,4.5860,2.9278,0.9195,0.9196
3.8995,4.5400,2.9473,0.9182,0.9194
3.9495,4.4939,2.9667,0.9167,0.9192
3.9995,4.4477,2.9858,0.9167,0.9190
4.0495,4.4014,3.0047,0.9153,0.9190
4.0995,4.3550,3.0232,0.9153,0.9187
4.1495,4.3085,3.0416,0.9153,0.9187
4.1995,4.2619,3.0597,0.9153,0.9187
4.2495,4.2153,3.0778,0.9153,0.9180
4.2995,4.1686,3.0957,0.9153,0.9180
4.3494,4.1219,3.1134,0.9153,0.9180
4.3994,4.0750,3.1308,0.9153,0.9167
4.4494,4.0280,3.1477,0.9153,0.9147
4.4994,3.9807,3.1641,0.9153,0.9129
4.5494,3.9333,3.1800,0.9153,0.9129
4.5994,3.8857,3.1953,0.9104,0.9124
4.6494,3.8380,3.2101,0.9104,0.9124
4.6994,3.7901,3.2246,0.9102,0.9102
4.7494,3.7421,3.2387,0.9102,0.9102
4.7994,3.6941,3.2525,0.9102,0.9093
4.8494,3.6460,3.2662,0.9101,0.9085
4.8994,3.5979,3.2796,0.9047,0.9067
4.9494,3.5496,3.2927,0.9047,0.9067
4.9994,3.5013,3.3055,0.9047,0.9057
5.0494,3.4529,3.3181,0.9041,0.9054
5.0994,3.4045,3.3305,0.9019,0.9050
5.1494,3.3560,3.3429,0.9018,0.9047
5.1994,3.3076,3.3552,0.9016,0.9047
5.2493,3.2591,3.3673,0.8997,0.9018
5.2993,3.2105,3.3793,0.8997,0.8989
5.3493,3.1619,3.3909,0.8981,0.8980
5.3993,3.1132,3.4022,0.8978,0.8972
5.4493,3.0644,3.4132,0.8978,0.8972
5.4993,3.0156,3.4240,0.8969,0.8963
5.5493,2.9668,3.4347,0.8965,0.8956
5.5993,2.9179,3.4451,0.8939,0.8954
5.6493,2.8690,3.4554,0.8922,0.8936
5.6993,2.8200,3.4654,0.8922,0.8918
5.7493,2.7710,3.4752,0.8920,0.8918
5.7993,2.7219,3.4849,0.8910,0.8913
5.8493,2.6728,3.4944,0.8902,0.8908
5.8993,2.6237,3.5039,0.8902,0.8903
5.9493,2.5747,3.5134,0.8881,0.8885
5.9993,2.5256,3.5230,0.8860,0.8885
6.0493,2.4765,3.5326,0.8860,0.8867
6.0993,2.4274,3.5421,0.8860,0.8867
6.1493,2.3783,3.5515,0.8860,0.8866
6.1992,2.3292,3.5606,0.8852,0.8865
6.2492,2.2800,3.5696,0.8852,0.8865
6.2992,2.2308,3.5783,0.8852,0.8865
6.3492,2.1815,3.5868,0.8852,0.8865
6.3992,2.1322,3.5951,0.8852,0.8865
6.4492,2.0829,3.6032,0.8847,0.8865
6.4992,2.0335,3.6111,0.8847,0.8865
6.5492,1.9841,3.6186,0.8846,0.8867
6.5992,1.9346,3.6260,0.8846,0.8865
6.6492,1.8852,3.6332,0.8846,0.8865
6.6992,1.8357,3.6404,0.8846,0.8865
6.7492,1.7862,3.6476,0.8810,0.8833
6.7992,1.7367,3.6546,0.8795,0.8820
6.8492,1.6872,3.6613,0.8795,0.8815
6.8992,1.6376,3.6679,0.8780,0.8808
6.9492,1.5880,3.6741,0.8780,0.8801
6.9992,1.5384,3.6803,0.8780,0.8795
7.0492,1.4888,3.6866,0.8780,0.8754
7.0991,1.4392,3.6930,0.8780,0.8753
7.1491,1.3896,3.6996,0.8741,0.8753
7.1991,1.3401,3.7060,0.8702,0.8753
7.2491,1.2904,3.7118,0.8702,0.8753
7.2991,1.2407,3.7168,0.8702,0.8753
7.3491,1.1909,3.7211,0.8742,0.8753
7.3991,1.1410,3.7249,0.8746,0.8753
7.4491,1.0912,3.7287,0.8746,0.8746
7.4991,1.0413,3.7326,0.8750,0.8746
7.5491,0.9915,3.7369,0.8750,0.8746
7.5991,0.9417,3.7413,0.8750,0.8746
7.6491,0.8919,3.7456,0.8762,0.8792
7.6991,0.8421,3.7496,0.8762,0.8792
7.7491,0.7922,3.7529,0.8774,0.8792
7.7991,0.7423,3.7556,0.8774,0.8792
7.8491,0.6923,3.7578,0.8787,0.8792
7.8991,0.6424,3.7596,0.8802,0.8792
7.9491,0.5924,3.7611,0.8803,0.8792
7.9990,0.5424,3.7626,0.8803,0.8792
8.0490,0.4924,3.7641,0.8803,0.8792
8.0990,0.4425,3.7654,0.8803,0.8816
8.1490,0.3925,3.7665,0.8808,0.8816
8.1990,0.3425,3.7675,0.8808,0.8816
8.2490,0.2925,3.7686,0.8808,0.8816
8.2990,0.2425,3.7697,0.8803,0.8816
8.3490,0.1925,3.7710,0.8803,0.8816
8.3990,0.1426,3.7722,0.8803,0.8816
8.4490,0.0926,3.7733,0.8803,0.8816
8.4990,0.0426,3.7742,0.8803,0.8816
8.5490,-0.0074,3.7747,0.8714,0.8816
8.5990,-0.0574,3.7747,0.8714,0.8816
8.6490,-0.1074,3.7741,0.8714,0.8816
8.6990,-0.1574,3.7729,0.8793,0.8816
8.7490,-0.2073,3.7711,0.8793,0.8816
8.7990,-0.2573,3.7687,0.8793,0.8794
8.8490,-0.3072,3.7659,0.8788,0.8763
8.8990,-0.3571,3.7626,0.8788,0.8763
8.9489,-0.4069,3.7591,0.8775,0.8763
8.9989,-0.4568,3.7555,0.8775,0.8776
9.0489,-0.5067,3.7520,0.8775,0.8776
9.0989,-0.5565,3.7484,0.8775,0.8780
9.1489,-0.6064,3.7448,0.8775,0.8794
9.1989,-0.6562,3.7409,0.8788,0.8801
9.2489,-0.7061,3.7367,0.8788,0.8801
9.2989,-0.7558,3.7319,0.8788,0.8809
9.3489,-0.8055,3.7267,0.8781,0.8809
9.3989,-0.8552,3.7209,0.8781,0.8809
9.4489,-0.9048,3.7145,0.8781,0.8817
9.4989,-0.9543,3.7075,0.8822,0.8846
9.5489,-1.0037,3.6999,0.8855,0.8846
9.5989,-1.0530,3.6918,0.8855,0.8847
9.6489,-1.1023,3.6833,0.8855,0.8848
9.6989,-1.1515,3.6746,0.8855,0.8848
9.7489,-1.2007,3.6657,0.8855,0.8848
9.7989,-1.2499,3.6566,0.8855,0.8876
9.8488,-1.2989,3.6470,0.8855,0.8876
9.8988,-1.3479,3.6367,0.8855,0.8892
9.9488,-1.3966,3.6255,0.8865,0.8895
9.9988,-1.4452,3.6136,0.8892,0.8895
10.0488,-1.4936,3.6011,0.8892,0.8895
10.0988,-1.5419,3.5882,0.8898,0.8895
10.1488,-1.5901,3.5750,0.8903,0.8923
10.1988,-1.6382,3.5615,0.8912,0.8934
10.2488,-1.6862,3.5475,0.8920,0.8936
10.2988,-1.7341,3.5330,0.8928,0.8936
10.3488,-1.7818,3.5180,0.8928,0.8936
10.3988,-1.8293,3.5027,0.8939,0.8936
10.4488,-1.8768,3.4870,0.8943,0.8936
10.4988,-1.9241,3.4709,0.8943,0.8943
10.5488,-1.9713,3.4544,0.8944,0.8953
10.5988,-2.0184,3.4375,0.8950,0.8959
10.6488,-2.0652,3.4199,0.8960,0.8983
10.6988,-2.1117,3.4016,0.8969,0.9001
10.7487,-2.1580,3.3826,0.8982,0.9026
10.7987,-2.2039,3.3630,0.9020,0.9026
10.8487,-2.2497,3.3428,0.9020,0.9026
10.8987,-2.2952,3.3222,0.9020,0.9026
10.9487,-2.3406,3.3012,0.9020,0.9037
10.9987,-2.3856,3.2795,0.9020,0.9039
11.0487,-2.4302,3.2569,0.9020,0.9063
11.0987,-2.4744,3.2335,0.9055,0.9063
11.1487,-2.5182,3.2094,0.9057,0.9087
11.1987,-2.5616,3.1846,0.9057,0.9096
11.2487,-2.6046,3.1591,0.9057,0.9096
11.2987,-2.6472,3.1330,0.9062,0.9098
11.3487,-2.6894,3.1061,0.9065,0.9098
11.3987,-2.7311,3.0785,0.9081,0.9100
11.4487,-2.7724,3.0503,0.9081,0.9109
11.4987,-2.8132,3.0214,0.9097,0.9109
11.5487,-2.8536,2.9920,0.9132,0.9132
11.5986,-2.8937,2.9621,0.9136,0.9148
11.6486,-2.9334,2.9318,0.9140,0.9158
11.6986,-2.9727,2.9009,0.9140,0.9172
11.7486,-3.0116,2.8694,0.9145,0.9172
11.7986,-3.0499,2.8374,0.9159,0.9191
11.8486,-3.0879,2.8048,0.9178,0.9199
11.8986,-3.1254,2.7718,0.9178,0.9214
11.9486,-3.1625,2.7382,0.9178,0.9221
11.9986,-3.1990,2.7040,0.9183,0.9228
12.0486,-3.2347,2.6691,0.9183,0.9228
12.0986,-3.2697,2.6334,0.9194,0.9228
12.1486,-3.3039,2.5970,0.9194,0.9221
12.1986,-3.3375,2.5599,0.9194,0.9221
12.2486,-3.3704,2.5223,0.9194,0.9221
12.2986,-3.4028,2.4842,0.9205,0.9246
12.3486,-3.4347,2.4457,0.9205,0.9256
12.3986,-3.4658,2.4065,0.9215,0.9261
12.4485,-3.4962,2.3668,0.9215,0.9276
12.4985,-3.5259,2.3267,0.9271,0.9278
12.5485,-3.5553,2.2862,0.9279,0.9283
12.5985,-3.5844,2.2456,0.9279,0.9292
12.6485,-3.6134,2.2049,0.9279,0.9294
12.6985,-3.6421,2.1639,0.9279,0.9328
12.7485,-3.6703,2.1226,0.9286,0.9328
12.7985,-3.6977,2.0808,0.9286,0.9354
12.8485,-3.7244,2.0385,0.9340,0.9354
12.8985,-3.7504,1.9959,0.9363,0.9354
12.9485,-3.7760,1.9529,0.9376,0.9367
12.9985,-3.8012,1.9097,0.9376,0.9367
13.0485,-3.8261,1.8663,0.9376,0.9379
13.0985,-3.8506,1.8228,0.9376,0.9379
13.1485,-3.8747,1.7790,0.9355,0.9379
13.1985,-3.8985,1.7350,0.9355,0.9379
13.2485,-3.9220,1.6909,0.9353,0.9379
13.2985,-3.9451,1.6466,0.9353,0.9379
13.3484,-3.9680,1.6021,0.9353,0.9379
13.3984,-3.9905,1.5575,0.9353,0.9372
13.4484,-4.0128,1.5127,0.9353,0.9369
13.4984,-4.0350,1.4679,0.9381,0.9364
13.5484,-4.0572,1.4231,0.9381,0.9362
13.5984,-4.0794,1.3783,0.9350,0.9362
13.6484,-4.1016,1.3335,0.9350,0.9362
13.6984,-4.1238,1.2887,0.9380,0.9362
13.7484,-4.1461,1.2440,0.9380,0.9362
13.7984,-4.1684,1.1992,0.9380,0.9362
13.8484,-4.1908,1.1545,0.9380,0.9364
13.8984,-4.2133,1.1099,0.9380,0.9364
13.9484,-4.2361,1.0654,0.9388,0.9364
13.9984,-4.2592,1.0211,0.9396,0.9364
14.0484,-4.2827,0.9770,0.9397,0.9364
14.0984,-4.3068,0.9331,0.9424,0.9364
14.1484,-4.3314,0.8896,0.9424,0.9394
14.1984,-4.3564,0.8464,0.9434,0.9425
14.2483,-4.3819,0.8033,0.9434,0.9425
14.2983,-4.4078,0.7605,0.9434,0.9425
14.3483,-4.4338,0.7178,0.9434,0.9442
14.3983,-4.4600,0.6753,0.9434,0.9442
14.4483,-4.4864,0.6328,0.9456,0.9442
14.4983,-4.5129,0.5905,0.9458,0.9442
14.5483,-4.5397,0.5482,0.9458,0.9442
14.5983,-4.5666,0.5061,0.9458,0.9442
14.6483,-4.5937,0.4641,0.9447,0.9450
14.6983,-4.6211,0.4222,0.9435,0.9450
14.7483,-4.6487,0.3805,0.9435,0.9435
14.7983,-4.6764,0.3390,0.9416,0.9435
14.8483,-4.7044,0.2975,0.9406,0.9435
14.8983,-4.7324,0.2561,0.9391,0.9394
14.9483,-4.7605,0.2148,0.9391,0.9376
14.9983,-4.7885,0.1733,0.9391,0.9376
15.0483,-4.8165,0.1319,0.9372,0.9376
15.0983,-4.8444,0.0904,0.9372,0.9376
15.1483,-4.8724,0.0490,0.9372,0.9364
15.1982,-4.9005,0.0077,0.9372,0.9361
15.2482,-4.9287,-0.0336,0.9372,0.9332
15.2982,-4.9572,-0.0747,0.9331,0.9325
15.3482,-4.9857,-0.1157,0.9330,0.9315
15.3982,-5.0143,-0.1568,0.9322,0.9315
15.4482,-5.0425,-0.1980,0.9322,0.9315
15.4982,-5.0703,-0.2396,0.9312,0.9315
15.5482,-5.0973,-0.2817,0.9308,0.9315
15.5982,-5.1237,-0.3241,0.9308,0.9315
15.6482,-5.1496,-0.3669,0.9304,0.9315
15.6982,-5.1751,-0.4099,0.9304,0.9301
15.7482,-5.2006,-0.4529,0.9304,0.9301
15.7982,-5.2262,-0.4959,0.9287,0.9301
15.8482,-5.2518,-0.5388,0.9287,0.9301
15.8982,-5.2772,-0.5819,0.9275,0.9313
15.9482,-5.3022,-0.6251,0.9275,0.9313
15.9982,-5.3266,-0.6688,0.9268,0.9313
16.0482,-5.3502,-0.7128,0.9261,0.9311
16.0981,-5.3732,-0.7573,0.9261,0.9284
16.1481,-5.3954,-0.8020,0.9251,0.9284
16.1981,-5.4168,-0.8472,0.9195,0.9235
16.2481,-5.4375,-0.8927,0.9195,0.9219
16.2981,-5.4573,-0.9386,0.9178,0.9216
16.3481,-5.4765,-0.9848,0.9161,0.9197
16.3981,-5.4953,-1.0311,0.9159,0.9195
16.4481,-5.5139,-1.0775,0.9156,0.9161
16.4981,-5.5324,-1.1240,0.9156,0.9155
16.5481,-5.5508,-1.1704,0.9107,0.9116
16.5981,-5.5689,-1.2171,0.9077,0.9092
16.6481,-5.5863,-1.2639,0.9077,0.9091
16.6981,-5.6029,-1.3111,0.9076,0.9089
16.7481,-5.6187,-1.3585,0.9076,0.9089
16.7981,-5.6336,-1.4062,0.9029,0.9089
16.8481,-5.6476,-1.4542,0.9029,0.9080
16.8980,-5.6606,-1.5025,0.9008,0.9062
16.9480,-5.6722,-1.5511,0.9008,0.9043
16.9980,-5.6825,-1.6001,0.8942,0.9021
17.0480,-5.6915,-1.6492,0.8939,0.9008
17.0980,-5.6995,-1.6986,0.8937,0.9006
17.1480,-5.7065,-1.7481,0.8937,0.8990
17.1980,-5.7128,-1.7977,0.8934,0.8984
17.2480,-5.7185,-1.8473,0.8934,0.8943
17.2980,-5.7235,-1.8971,0.8932,0.8926
17.3480,-5.7280,-1.9469,0.8932,0.8901
17.3980,-5.7320,-1.9967,0.8932,0.8873
17.4480,-5.7354,-2.0466,0.8925,0.8830
17.4980,-5.7381,-2.0965,0.8742,0.8824
17.5480,-5.7397,-2.1465,0.8742,0.8811
17.5980,-5.7400,-2.1965,0.8703,0.8811
17.6479,-5.7389,-2.2464,0.8703,0.8771
17.6979,-5.7365,-2.2964,0.8703,0.8771
17.7479,-5.7331,-2.3463,0.8703,0.8754
17.7979,-5.7285,-2.3960,0.8693,0.8754
17.8479,-5.7226,-2.4457,0.8690,0.8752
17.8979,-5.7155,-2.4952,0.8683,0.8751
17.9479,-5.7071,-2.5445,0.8673,0.8695
17.9979,-5.6975,-2.5935,0.8645,0.8695
18.0479,-5.6867,-2.6423,0.8638,0.8683
18.0979,-5.6746,-2.6908,0.8638,0.8683
18.1479,-5.6614,-2.7390,0.8638,0.8670
18.1979,-5.6468,-2.7869,0.8638,0.8656
18.2478,-5.6311,-2.8343,0.8638,0.8621
18.2978,-5.6140,-2.8813,0.8524,0.8596
18.3478,-5.5956,-2.9278,0.8518,0.8578
18.3978,-5.5759,-2.9737,0.8504,0.8557
18.4478,-5.5550,-3.0192,0.8504,0.8543
18.4978,-5.5333,-3.0642,0.8504,0.8529
18.5478,-5.5109,-3.1089,0.8491,0.8471
18.5978,-5.4879,-3.1533,0.8485,0.8466
18.6478,-5.4642,-3.1973,0.8428,0.8466
18.6978,-5.4396,-3.2408,0.8371,0.8429
18.7478,-5.4140,-3.2837,0.8358,0.8365
18.7978,-5.3875,-3.3261,0.8345,0.8330
18.8478,-5.3602,-3.3680,0.8291,0.8329
18.8978,-5.3320,-3.4093,0.8279,0.8326
18.9477,-5.3028,-3.4499,0.8272,0.8325
18.9977,-5.2727,-3.4898,0.8233,0.8323
19.0477,-5.2416,-3.5289,0.8201,0.8270
19.0977,-5.2097,-3.5674,0.8195,0.8269
19.1477,-5.1772,-3.6054,0.8189,0.8195
19.1977,-5.1440,-3.6428,0.8148,0.8193
19.2477,-5.1101,-3.6795,0.8096,0.8183
19.2977,-5.0754,-3.7155,0.8096,0.8162
19.3477,-5.0398,-3.7506,0.8096,0.8136
19.3977,-5.0033,-3.7847,0.8082,0.8134
19.4477,-4.9659,-3.8180,0.8082,0.8113
19.4977,-4.9280,-3.8505,0.8078,0.8112
19.5477,-4.8894,-3.8823,0.8049,0.8043
19.5976,-4.8503,-3.9135,0.8005,0.8034
19.6476,-4.8106,-3.9439,0.7993,0.8034
19.6976,-4.7705,-3.9737,0.7972,0.8015
19.7476,-4.7298,-4.0027,0.7952,0.7982
19.7976,-4.6887,-4.0313,0.7952,0.7980
19.8476,-4.6474,-4.0593,0.7952,0.7942
19.8976,-4.6058,-4.0870,0.7924,0.7936
19.9476,-4.5638,-4.1142,0.7901,0.7928
19.9976,-4.5213,-4.1406,0.7878,0.7924
20.0476,-4.4783,-4.1661,0.7803,0.7857
20.0976,-4.4347,-4.1904,0.7779,0.7826
20.1476,-4.3905,-4.2138,0.7775,0.7791
20.1976,-4.3458,-4.2363,0.7742,0.7774
20.2476,-4.3009,-4.2582,0.7731,0.7740
20.2976,-4.2556,-4.2795,0.7680,0.7696
20.3475,-4.2102,-4.3003,0.7677,0.7696
20.3975,-4.1645,-4.3206,0.7641,0.7696
20.4475,-4.1185,-4.3401,0.7641,0.7687
20.4975,-4.0722,-4.3589,0.7609,0.7665
20.5475,-4.0256,-4.3772,0.7582,0.7645
20.5975,-3.9789,-4.3949,0.7555,0.7629
20.6475,-3.9319,-4.4122,0.7529,0.7553
20.6975,-3.8848,-4.4289,0.7529,0.7551
20.7475,-3.8375,-4.4451,0.7529,0.7549
20.7975,-3.7900,-4.4606,0.7521,0.7528
20.8475,-3.7422,-4.4754,0.7477,0.7463
20.8975,-3.6943,-4.4895,0.7452,0.7463
20.9475,-3.6461,-4.5028,0.7427,0.7452
20.9975,-3.5977,-4.5153,0.7403,0.7434
21.0475,-3.5490,-4.5268,0.7393,0.7411
21.0975,-3.5002,-4.5375,0.7393,0.7411
21.1474,-3.4512,-4.5474,0.7371,0.7408
21.1974,-3.4021,-4.5566,0.7341,0.7394
21.2474,-3.3528,-4.5650,0.7330,0.7349
21.2974,-3.3034,-4.5730,0.7330,0.7346
21.3474,-3.2540,-4.5808,0.7311,0.7304
21.3974,-3.2046,-4.5885,0.7311,0.7304
21.4474,-3.1552,-4.5960,0.7271,0.7284
21.4974,-3.1058,-4.6033,0.7271,0.7255
21.5474,-3.0562,-4.6102,0.7229,0.7253
21.5974,-3.0067,-4.6165,0.7180,0.7252
21.6474,-2.9570,-4.6221,0.7158,0.7209
21.6974,-2.9072,-4.6268,0.7139,0.7202
21.7474,-2.8573,-4.6305,0.7121,0.7196
21.7974,-2.8074,-4.6334,0.7110,0.7189
21.8474,-2.7575,-4.6354,0.7110,0.7161
21.8974,-2.7075,-4.6366,0.7110,0.7128
21.9474,-2.6575,-4.6371,0.7109,0.7119
21.9973,-2.6075,-4.6371,0.7109,0.7078
22.0473,-2.5575,-4.6369,0.7074,0.7053
22.0973,-2.5075,-4.6364,0.7074,0.7044
22.1473,-2.4575,-4.6359,0.7055,0.7040
22.1973,-2.4075,-4.6353,0.7044,0.7027
22.2473,-2.3576,-4.6345,0.7021,0.7027
22.2973,-2.3076,-4.6333,0.6994,0.7027
22.3473,-2.2576,-4.6314,0.6994,0.7027
22.3973,-2.2077,-4.6288,0.6977,0.7025
22.4473,-2.1578,-4.6253,0.6977,0.7021
22.4973,-2.1080,-4.6211,0.6948,0.6989
22.5473,-2.0582,-4.6164,0.6948,0.6962
22.5973,-2.0085,-4.6111,0.6948,0.6962
22.6473,-1.9589,-4.6052,0.6919,0.6959
22.6973,-1.9093,-4.5988,0.6908,0.6959
22.7473,-1.8598,-4.5919,0.6900,0.6920
22.7973,-1.8103,-4.5844,0.6900,0.6906
22.8473,-1.7610,-4.5766,0.6900,0.6898
22.8972,-1.7116,-4.5686,0.6898,0.6898
22.9472,-1.6623,-4.5602,0.6894,0.6898
22.9972,-1.6131,-4.5516,0.6884,0.6892
23.0472,-1.5639,-4.5426,0.6884,0.6892
23.0972,-1.5148,-4.5332,0.6884,0.6892
23.1472,-1.4658,-4.5233,0.6884,0.6890
23.1972,-1.4169,-4.5127,0.6865,0.6889
23.2472,-1.3682,-4.5014,0.6845,0.6889
23.2972,-1.3198,-4.4892,0.6831,0.6852
23.3472,-1.2714,-4.4763,0.6817,0.6815
23.3972,-1.2233,-4.4630,0.6802,0.6815
23.4472,-1.1751,-4.4494,0.6802,0.6815
23.4972,-1.1271,-4.4356,0.6802,0.6809
23.5472,-1.0792,-4.4214,0.6791,0.6809
23.5972,-1.0313,-4.4069,0.6784,0.6809
23.6472,-0.9836,-4.3920,0.6784,0.6804
23.6972,-0.9360,-4.3767,0.6784,0.6804
23.7472,-0.8885,-4.3610,0.6784,0.6804
23.7971,-0.8411,-4.3452,0.6784,0.6804
23.8471,-0.7938,-4.3291,0.6777,0.6804
23.8971,-0.7465,-4.3127,0.6750,0.6804
23.9471,-0.6995,-4.2958,0.6750,0.6784
23.9971,-0.6527,-4.2783,0.6750,0.6784
24.0471,-0.6061,-4.2600,0.6750,0.6784
24.0971,-0.5599,-4.2409,0.6750,0.6784
24.1471,-0.5139,-4.2213,0.6743,0.6784
24.1971,-0.4682,-4.2012,0.6743,0.6774
24.2471,-0.4226,-4.1807,0.6735,0.6774
24.2971,-0.3771,-4.1599,0.6729,0.6764
24.3471,-0.3318,-4.1388,0.6729,0.6764
24.3971,-0.2867,-4.1172,0.6729,0.6753
24.4471,-0.2418,-4.0952,0.6729,0.6742
24.4971,-0.1971,-4.0728,0.6729,0.6742
24.5471,-0.1526,-4.0500,0.6744,0.6742
24.5971,-0.1083,-4.0269,0.6744,0.6742
24.6470,-0.0641,-4.0036,0.6744,0.6742
24.6970,-0.0200,-3.9800,0.6748,0.6742
24.7470,0.0239,-3.9560,0.6788,0.6753
24.7970,0.0675,-3.9316,0.6788,0.6753
24.8470,0.1109,-3.9068,0.6792,0.6789
24.8970,0.1541,-3.8816,0.6806,0.6789
24.9470,0.1971,-3.8561,0.6806,0.6789
24.9970,0.2399,-3.8303,0.6806,0.6803
25.0470,0.2825,-3.8041,0.6806,0.6803
25.0970,0.3250,-3.7777,0.6806,0.6830
25.1470,0.3671,-3.7507,0.6821,0.6841
25.1970,0.4088,-3.7232,0.6821,0.6844
25.2470,0.4501,-3.6951,0.6827,0.6844
25.2970,0.4911,-3.6664,0.6838,0.6862
25.3470,0.5317,-3.6372,0.6838,0.6862
25.3970,0.5721,-3.6078,0.6879,0.6872
25.4470,0.6124,-3.5782,0.6879,0.6872
25.4970,0.6527,-3.5486,0.6888,0.6883
25.5469,0.6928,-3.5187,0.6888,0.6883
25.5969,0.7327,-3.4886,0.6888,0.6904
25.6469,0.7722,-3.4580,0.6888,0.6904
25.6969,0.8115,-3.4271,0.6896,0.6951
25.7469,0.8505,-3.3958,0.6925,0.6951
25.7969,0.8893,-3.3643,0.6954,0.6955
25.8469,0.9279,-3.3325,0.6976,0.6962
25.8969,0.9665,-3.3007,0.6976,0.6962
25.9469,1.0049,-3.2688,0.6976,0.6988
25.9969,1.0433,-3.2366,0.6984,0.7015
26.0469,1.0813,-3.2042,0.6984,0.7046
26.0969,1.1190,-3.1714,0.7002,0.7068
26.1469,1.1564,-3.1382,0.7057,0.7073
26.1969,1.1936,-3.1048,0.7096,0.7092
26.2469,1.2307,-3.0713,0.7099,0.7092
26.2969,1.2679,-3.0378,0.7102,0.7098
26.3469,1.3050,-3.0044,0.7102,0.7098
26.3969,1.3421,-2.9708,0.7109,0.7098
26.4469,1.3791,-2.9372,0.7115,0.7103
26.4968,1.4160,-2.9035,0.7130,0.7123
26.5468,1.4529,-2.8697,0.7132,0.7143
26.5968,1.4897,-2.8359,0.7132,0.7143
26.6468,1.5265,-2.8021,0.7162,0.7150
26.6968,1.5633,-2.7683,0.7178,0.7162
26.7468,1.6003,-2.7346,0.7180,0.7174
26.7968,1.6374,-2.7011,0.7180,0.7186
26.8468,1.6748,-2.6679,0.7198,0.7193
26.8968,1.7125,-2.6352,0.7216,0.7205
26.9468,1.7507,-2.6029,0.7228,0.7216
26.9968,1.7893,-2.5711,0.7315,0.7271
27.0468,1.8283,-2.5398,0.7321,0.7314
27.0968,1.8677,-2.5090,0.7336,0.7342
27.1468,1.9073,-2.4786,0.7362,0.7342
27.1968,1.9474,-2.4487,0.7393,0.7352
27.2468,1.9880,-2.4195,0.7443,0.7406
27.2968,2.0293,-2.3912,0.7478,0.7427
27.3467,2.0711,-2.3639,0.7478,0.7427
27.3967,2.1135,-2.3373,0.7478,0.7449
27.4467,2.1564,-2.3117,0.7533,0.7459
27.4967,2.1999,-2.2870,0.7545,0.7459
27.5467,2.2439,-2.2634,0.7548,0.7459
27.5967,2.2885,-2.2409,0.7564,0.7483
27.6467,2.3337,-2.2193,0.7578,0.7515
27.6967,2.3792,-2.1987,0.7583,0.7516
27.7467,2.4251,-2.1789,0.7585,0.7548
27.7967,2.4714,-2.1599,0.7585,0.7585
27.8467,2.5178,-2.1414,0.7647,0.7585
27.8967,2.5645,-2.1234,0.7650,0.7585
27.9467,2.6112,-2.1057,0.7655,0.7663
27.9967,2.6580,-2.0882,0.7690,0.7711
28.0467,2.7050,-2.0710,0.7762,0.7714
28.0967,2.7521,-2.0543,0.7763,0.7717
28.1467,2.7994,-2.0382,0.7769,0.7730
28.1966,2.8470,-2.0228,0.7797,0.7773
28.2466,2.8947,-2.0079,0.7855,0.7822
28.2966,2.9426,-1.9936,0.7855,0.7869
28.3466,2.9906,-1.9797,0.7856,0.7870
28.3966,3.0387,-1.9661,0.7865,0.7870
28.4466,3.0869,-1.9527,0.7907,0.7871
28.4966,3.1352,-1.9396,0.7922,0.7889
28.5466,3.1835,-1.9267,0.7932,0.7914
28.5966,3.2318,-1.9139,0.7957,0.7934
28.6466,3.2802,-1.9013,0.7957,0.7970
28.6966,3.3285,-1.8886,0.7985,0.7984
28.7466,3.3769,-1.8760,0.7985,0.8015
28.7966,3.4252,-1.8632,0.8007,0.8019
28.8466,3.4735,-1.8500,0.8009,0.8058
28.8966,3.5216,-1.8366,0.8048,0.8058
28.9466,3.5697,-1.8227,0.8090,0.8103
28.9966,3.6176,-1.8087,0.8091,0.8117
29.0466,3.6656,-1.7944,0.8152,0.8126
29.0966,3.7135,-1.7802,0.8157,0.8197
29.1465,3.7614,-1.7660,0.8238,0.8219
29.1965,3.8094,-1.7519,0.8244,0.8226
29.2465,3.8574,-1.7379,0.8245,0.8271
29.2965,3.9053,-1.7237,0.8256,0.8271
29.3465,3.9532,-1.7092,0.8258,0.8278
29.3965,4.0009,-1.6943,0.8297,0.8315
29.4465,4.0484,-1.6788,0.8311,0.8351
29.4965,4.0958,-1.6629,0.8328,0.8354
29.5465,4.1430,-1.6465,0.8333,0.8366
29.5965,4.1901,-1.6297,0.8346,0.8366
29.6465,4.2371,-1.6127,0.8428,0.8386
29.6965,4.2841,-1.5954,0.8433,0.8452
29.7465,4.3309,-1.5778,0.8433,0.8453
29.7965,4.3775,-1.5599,0.8433,0.8470
29.8465,4.4241,-1.5417,0.8451,0.8499
29.8965,4.4705,-1.5231,0.8513,0.8514
29.9465,4.5168,-1.5042,0.8565,0.8582
29.9965,4.5629,-1.4850,0.8568,0.8582
30.0464,4.6089,-1.4654,0.8568,0.8589
30.0964,4.6548,-1.4456,0.8602,0.8618
30.1464,4.7007,-1.4256,0.8623,0.8649
30.1964,4.7464,-1.4053,0.8652,0.8662
30.2464,4.7919,-1.3847,0.8652,0.8681
30.2964,4.8372,-1.3636,0.8657,0.8695
30.3464,4.8822,-1.3418,0.8674,0.8696
30.3964,4.9269,-1.3194,0.8677,0.8701
30.4464,4.9712,-1.2963,0.8709,0.8733
30.4964,5.0152,-1.2725,0.8738,0.8760
30.5464,5.0588,-1.2480,0.8765,0.8794
30.5964,5.1020,-1.2229,0.8771,0.8794
30.6464,5.1449,-1.1972,0.8771,0.8812
30.6964,5.1875,-1.1710,0.8812,0.8826
30.7464,5.2299,-1.1445,0.8812,0.8828
30.7964,5.2721,-1.1177,0.8812,0.8828
30.8464,5.3141,-1.0906,0.8815,0.8861
30.8964,5.3559,-1.0631,0.8835,0.8867
30.9464,5.3973,-1.0351,0.8870,0.8873
30.9963,5.4383,-1.0065,0.8870,0.8878
31.0463,5.4788,-0.9773,0.8883,0.8878
31.0963,5.5190,-0.9475,0.8885,0.8883
31.1463,5.5589,-0.9173,0.8921,0.8911
31.1963,5.5984,-0.8867,0.8929,0.8942
31.2463,5.6376,-0.8557,0.8955,0.8944
31.2963,5.6764,-0.8241,0.8955,0.8963
31.3463,5.7147,-0.7920,0.8980,0.9047
31.3963,5.7523,-0.7591,0.8980,0.9048
31.4463,5.7893,-0.7254,0.9007,0.9077
31.4963,5.8255,-0.6909,0.9007,0.9078
31.5463,5.8608,-0.6555,0.9007,0.9078
31.5963,5.8952,-0.6193,0.9007,0.9078
31.6463,5.9289,-0.5824,0.9073,0.9087
31.6963,5.9618,-0.5447,0.9086,0.9103
31.7463,5.9941,-0.5066,0.9124,0.9127
31.7963,6.0258,-0.4679,0.9124,0.9127
31.8463,6.0568,-0.4287,0.9124,0.9151
31.8962,6.0872,-0.3890,0.9136,0.9154
31.9462,6.1168,-0.3487,0.9148,0.9182
31.9962,6.1457,-0.3079,0.9148,0.9199
32.0462,6.1737,-0.2665,0.9145,0.9204
32.0962,6.2006,-0.2244,0.9171,0.9204
32.1462,6.2265,-0.1816,0.9171,0.9205
32.1962,6.2513,-0.1382,0.9171,0.9208
32.2462,6.2753,-0.0943,0.9171,0.9209
32.2962,6.2987,-0.0501,0.9201,0.9209
