mid_x,mid_y,left_x,left_y,right_x,right_y
6.3224,-0.0111,5.4943,0.4010,7.1505,-0.4233
6.3435,0.0349,5.5043,0.4262,7.1827,-0.3564
6.3634,0.0815,5.5135,0.4513,7.2133,-0.2884
6.3820,0.1285,5.5218,0.4761,7.2422,-0.2190
6.3993,0.1761,5.5293,0.5007,7.2694,-0.1485
6.4153,0.2240,5.5359,0.5249,7.2948,-0.0769
6.4300,0.2724,5.5417,0.5490,7.3182,-0.0041
6.4432,0.3212,5.5468,0.5727,7.3397,0.0697
6.4550,0.3703,5.5510,0.5962,7.3591,0.1444
6.4654,0.4197,5.5545,0.6195,7.3763,0.2200
6.4743,0.4694,5.5572,0.6425,7.3913,0.2963
6.4817,0.5193,5.5592,0.6652,7.4041,0.3733
6.4875,0.5693,5.5605,0.6878,7.4145,0.4509
6.4919,0.6195,5.5611,0.7101,7.4226,0.5289
6.4947,0.6697,5.5610,0.7323,7.4283,0.6072
6.4959,0.7200,5.5602,0.7543,7.4316,0.6856
6.4956,0.7702,5.5588,0.7762,7.4324,0.7643
6.4938,0.8204,5.5567,0.7980,7.4308,0.8427
6.4904,0.8704,5.5539,0.8198,7.4268,0.9210
6.4855,0.9203,5.5505,0.8414,7.4204,0.9991
6.4790,0.9699,5.5465,0.8632,7.4116,1.0767
6.4711,1.0193,5.5417,0.8849,7.4005,1.1537
6.4617,1.0684,5.5364,0.9067,7.3871,1.2301
6.4509,1.1171,5.5303,0.9286,7.3715,1.3057
6.4387,1.1655,5.5235,0.9505,7.3538,1.3805
6.4250,1.2134,5.5161,0.9726,7.3340,1.4543
6.4100,1.2609,5.5079,0.9948,7.3122,1.5271
6.3937,1.3080,5.4990,1.0171,7.2884,1.5989
6.3762,1.3545,5.4894,1.0395,7.2629,1.6695
6.3573,1.4005,5.4791,1.0621,7.2356,1.7389
6.3373,1.4459,5.4680,1.0848,7.2066,1.8070
6.3161,1.4908,5.4561,1.1076,7.1761,1.8739
6.2938,1.5350,5.4435,1.1306,7.1440,1.9395
6.2704,1.5787,5.4302,1.1536,7.1106,2.0038
6.2459,1.6218,5.4160,1.1769,7.0758,2.0667
6.2205,1.6642,5.4011,1.2001,7.0398,2.1283
6.1940,1.7060,5.3854,1.2235,7.0026,2.1886
6.1667,1.7472,5.3689,1.2469,6.9644,2.2475
6.1384,1.7878,5.3517,1.2704,6.9251,2.3051
6.1093,1.8276,5.3337,1.2939,6.8848,2.3614
6.0793,1.8669,5.3150,1.3174,6.8437,2.4164
6.0486,1.9055,5.2955,1.3409,6.8017,2.4701
6.0171,1.9435,5.2753,1.3644,6.7590,2.5226
5.9849,1.9808,5.2543,1.3878,6.7155,2.5738
5.9520,2.0175,5.2327,1.4113,6.6713,2.6238
5.9184,2.0536,5.2103,1.4346,6.6265,2.6726
5.8842,2.0891,5.1873,1.4579,6.5811,2.7203
5.8494,2.1239,5.1635,1.4810,6.5352,2.7668
5.8140,2.1581,5.1392,1.5041,6.4888,2.8121
5.7780,2.1917,5.1141,1.5271,6.4419,2.8564
5.7415,2.2248,5.0884,1.5499,6.3946,2.8996
5.7045,2.2572,5.0622,1.5726,6.3468,2.9418
5.6670,2.2890,5.0353,1.5951,6.2987,2.9830
5.6290,2.3203,5.0078,1.6175,6.2502,3.0231
5.5906,2.3510,4.9798,1.6397,6.2014,3.0623
5.5517,2.3812,4.9512,1.6617,6.1523,3.1006
5.5125,2.4108,4.9220,1.6835,6.1029,3.1380
5.4728,2.4398,4.8923,1.7052,6.0533,3.1744
5.4328,2.4683,4.8622,1.7266,6.0034,3.2101
5.3924,2.4963,4.8315,1.7479,5.9533,3.2448
5.3516,2.5238,4.8003,1.7689,5.9029,3.2788
5.3106,2.5508,4.7687,1.7897,5.8524,3.3119
5.2692,2.5773,4.7366,1.8104,5.8017,3.3442
5.2275,2.6033,4.7040,1.8307,5.7509,3.3758
5.1855,2.6288,4.6710,1.8509,5.6999,3.4067
5.1432,2.6539,4.6376,1.8709,5.6487,3.4368
5.1006,2.6784,4.6038,1.8906,5.5975,3.4663
5.0578,2.7026,4.5696,1.9101,5.5461,3.4950
5.0148,2.7263,4.5350,1.9294,5.4946,3.5231
4.9715,2.7495,4.5000,1.9484,5.4430,3.5506
4.9280,2.7723,4.4647,1.9672,5.3913,3.5774
4.8843,2.7947,4.4290,1.9858,5.3395,3.6036
4.8403,2.8167,4.3930,2.0042,5.2877,3.6292
4.7962,2.8383,4.3566,2.0223,5.2358,3.6542
4.7518,2.8594,4.3199,2.0402,5.1838,3.6787
4.7073,2.8802,4.2829,2.0578,5.1317,3.7026
4.6626,2.9006,4.2456,2.0753,5.0797,3.7260
4.6178,2.9206,4.2080,2.0925,5.0275,3.7488
4.5727,2.9403,4.1701,2.1095,4.9754,3.7711
4.5275,2.9596,4.1319,2.1262,4.9232,3.7930
4.4822,2.9785,4.0934,2.1428,4.8710,3.8143
4.4367,2.9971,4.0547,2.1591,4.8187,3.8352
4.3911,3.0154,4.0157,2.1752,4.7664,3.8556
4.3453,3.0333,3.9765,2.1911,4.7141,3.8755
4.2994,3.0509,3.9370,2.2067,4.6618,3.8951
4.2534,3.0682,3.8973,2.2222,4.6095,3.9142
4.2072,3.0851,3.8573,2.2374,4.5572,3.9328
4.1610,3.1018,3.8171,2.2524,4.5049,3.9511
4.1146,3.1181,3.7767,2.2672,4.4525,3.9690
4.0681,3.1342,3.7361,2.2819,4.4002,3.9865
4.0216,3.1499,3.6953,2.2963,4.3479,4.0036
3.9749,3.1654,3.6542,2.3105,4.2956,4.0204
3.9281,3.1806,3.6130,2.3245,4.2432,4.0368
3.8813,3.1956,3.5716,2.3383,4.1909,4.0529
3.8343,3.2103,3.5300,2.3519,4.1386,4.0686
3.7873,3.2247,3.4882,2.3654,4.0864,4.0840
3.7401,3.2388,3.4462,2.3786,4.0341,4.0991
3.6929,3.2527,3.4041,2.3916,3.9818,4.1138
3.6457,3.2664,3.3618,2.4045,3.9296,4.1283
3.5983,3.2798,3.3193,2.4172,3.8774,4.1424
3.5509,3.2930,3.2766,2.4297,3.8252,4.1563
3.5034,3.3060,3.2339,2.4420,3.7730,4.1699
3.4559,3.3187,3.1909,2.4542,3.7208,4.1832
3.4082,3.3312,3.1478,2.4661,3.6686,4.1963
3.3606,3.3435,3.1046,2.4780,3.6165,4.2091
3.3128,3.3556,3.0613,2.4896,3.5644,4.2217
3.2650,3.3675,3.0178,2.5011,3.5123,4.2340
3.2172,3.3792,2.9741,2.5124,3.4602,4.2460
3.1693,3.3907,2.9304,2.5235,3.4082,4.2579
3.1213,3.4020,2.8865,2.5345,3.3561,4.2695
3.0733,3.4131,2.8426,2.5453,3.3041,4.2809
3.0253,3.4240,2.7985,2.5559,3.2521,4.2920
2.9772,3.4347,2.7543,2.5664,3.2001,4.3030
2.9291,3.4453,2.7100,2.5768,3.1481,4.3138
2.8809,3.4556,2.6656,2.5870,3.0962,4.3243
2.8327,3.4658,2.6211,2.5970,3.0442,4.3347
2.7844,3.4759,2.5765,2.6069,2.9923,4.3449
2.7361,3.4857,2.5319,2.6166,2.9403,4.3549
2.6878,3.4954,2.4871,2.6262,2.8884,4.3647
2.6394,3.5050,2.4423,2.6356,2.8365,4.3743
2.5910,3.5143,2.3974,2.6449,2.7846,4.3838
2.5426,3.5236,2.3525,2.6540,2.7327,4.3931
2.4941,3.5326,2.3075,2.6630,2.6808,4.4022
2.4457,3.5415,2.2624,2.6719,2.6290,4.4112
2.3972,3.5503,2.2172,2.6806,2.5771,4.4200
2.3486,3.5589,2.1721,2.6891,2.5252,4.4286
2.3001,3.5673,2.1268,2.6975,2.4733,4.4371
2.2515,3.5756,2.0816,2.7058,2.4214,4.4454
2.2029,3.5838,2.0362,2.7139,2.3695,4.4536
2.1542,3.5917,1.9909,2.7218,2.3176,4.4617
2.1056,3.5996,1.9455,2.7297,2.2656,4.4695
2.0569,3.6073,1.9001,2.7373,2.2137,4.4773
2.0082,3.6149,1.8547,2.7448,2.1617,4.4849
1.9595,3.6223,1.8093,2.7522,2.1098,4.4923
1.9108,3.6295,1.7639,2.7594,2.0578,4.4996
1.8621,3.6366,1.7184,2.7665,2.0057,4.5068
1.8133,3.6436,1.6730,2.7734,1.9537,4.5138
1.7646,3.6504,1.6275,2.7801,1.9016,4.5207
1.7158,3.6571,1.5821,2.7867,1.8495,4.5274
1.6670,3.6636,1.5367,2.7932,1.7974,4.5340
1.6182,3.6700,1.4912,2.7995,1.7452,4.5405
1.5694,3.6762,1.4459,2.8056,1.6930,4.5468
1.5206,3.6822,1.4005,2.8115,1.6408,4.5529
1.4718,3.6881,1.3551,2.8173,1.5885,4.5589
1.4230,3.6938,1.3098,2.8229,1.5362,4.5647
1.3742,3.6994,1.2646,2.8284,1.4838,4.5704
1.3254,3.7048,1.2193,2.8337,1.4314,4.5760
1.2765,3.7101,1.1741,2.8388,1.3790,4.5814
1.2277,3.7151,1.1290,2.8437,1.3265,4.5866
1.1789,3.7200,1.0838,2.8485,1.2739,4.5916
1.1301,3.7248,1.0388,2.8530,1.2213,4.5965
1.0812,3.7293,0.9938,2.8574,1.1686,4.6012
1.0324,3.7337,0.9489,2.8616,1.1159,4.6058
0.9836,3.7379,0.9040,2.8656,1.0631,4.6101
0.9347,3.7419,0.8592,2.8694,1.0103,4.6143
0.8859,3.7457,0.8144,2.8730,0.9574,4.6183
0.8371,3.7493,0.7698,2.8765,0.9044,4.6221
0.7883,3.7527,0.7252,2.8797,0.8514,4.6257
0.7395,3.7559,0.6806,2.8827,0.7983,4.6291
0.6907,3.7589,0.6362,2.8855,0.7451,4.6324
0.6419,3.7617,0.5919,2.8881,0.6919,4.6354
0.5931,3.7643,0.5476,2.8905,0.6386,4.6381
0.5443,3.7667,0.5034,2.8926,0.5852,4.6407
0.4956,3.7688,0.4593,2.8946,0.5318,4.6431
0.4468,3.7707,0.4153,2.8963,0.4783,4.6452
0.3981,3.7724,0.3714,2.8978,0.4247,4.6471
0.3493,3.7739,0.3276,2.8990,0.3711,4.6487
0.3006,3.7751,0.2839,2.9001,0.3174,4.6501
0.2519,3.7761,0.2403,2.9009,0.2636,4.6512
0.2032,3.7768,0.1968,2.9014,0.2097,4.6521
0.1546,3.7772,0.1533,2.9017,0.1558,4.6527
0.1059,3.7774,0.1101,2.9018,0.1018,4.6531
0.0573,3.7774,0.0669,2.9017,0.0477,4.6531
0.0087,3.7771,0.0238,2.9012,-0.0064,4.6529
-0.0399,3.7765,-0.0191,2.9005,-0.0606,4.6524
-0.0884,3.7756,-0.0619,2.8996,-0.1149,4.6516
-0.1369,3.7744,-0.1046,2.8984,-0.1692,4.6505
-0.1854,3.7730,-0.1472,2.8970,-0.2237,4.6490
-0.2339,3.7713,-0.1897,2.8952,-0.2781,4.6473
-0.2824,3.7692,-0.2320,2.8933,-0.3327,4.6452
-0.3308,3.7669,-0.2742,2.8910,-0.3873,4.6428
-0.3791,3.7643,-0.3163,2.8885,-0.4420,4.6401
-0.4275,3.7613,-0.3582,2.8856,-0.4968,4.6370
-0.4758,3.7580,-0.3999,2.8825,-0.5516,4.6335
-0.5240,3.7544,-0.4416,2.8792,-0.6064,4.6297
-0.5722,3.7505,-0.4831,2.8755,-0.6614,4.6255
-0.6204,3.7462,-0.5244,2.8716,-0.7164,4.6209
-0.6685,3.7416,-0.5656,2.8673,-0.7714,4.6159
-0.7165,3.7367,-0.6066,2.8628,-0.8265,4.6106
-0.7645,3.7314,-0.6474,2.8580,-0.8816,4.6048
-0.8125,3.7257,-0.6881,2.8528,-0.9368,4.5986
-0.8604,3.7197,-0.7287,2.8474,-0.9921,4.5920
-0.9082,3.7133,-0.7690,2.8417,-1.0473,4.5850
-0.9559,3.7066,-0.8092,2.8356,-1.1027,4.5775
-1.0036,3.6994,-0.8492,2.8293,-1.1580,4.5695
-1.0512,3.6919,-0.8890,2.8226,-1.2134,4.5612
-1.0988,3.6840,-0.9287,2.8157,-1.2689,4.5523
-1.1462,3.6757,-0.9681,2.8084,-1.3243,4.5430
-1.1936,3.6670,-1.0073,2.8008,-1.3798,4.5331
-1.2408,3.6579,-1.0463,2.7929,-1.4353,4.5228
-1.2880,3.6483,-1.0852,2.7846,-1.4908,4.5120
-1.3351,3.6384,-1.1238,2.7761,-1.5464,4.5007
-1.3820,3.6280,-1.1622,2.7672,-1.6019,4.4888
-1.4289,3.6172,-1.2004,2.7580,-1.6574,4.4764
-1.4756,3.6060,-1.2383,2.7485,-1.7130,4.4635
-1.5223,3.5943,-1.2760,2.7386,-1.7685,4.4500
-1.5687,3.5822,-1.3135,2.7284,-1.8240,4.4359
-1.6151,3.5696,-1.3507,2.7179,-1.8795,4.4213
-1.6613,3.5566,-1.3877,2.7071,-1.9349,4.4060
-1.7074,3.5431,-1.4244,2.6959,-1.9904,4.3902
-1.7533,3.5291,-1.4609,2.6844,-2.0458,4.3738
-1.7991,3.5146,-1.4971,2.6726,-2.1011,4.3567
-1.8447,3.4997,-1.5330,2.6604,-2.1564,4.3390
-1.8901,3.4843,-1.5686,2.6479,-2.2116,4.3207
-1.9354,3.4684,-1.6040,2.6350,-2.2667,4.3017
-1.9804,3.4520,-1.6390,2.6218,-2.3218,4.2821
-2.0253,3.4350,-1.6738,2.6083,-2.3768,4.2618
-2.0700,3.4176,-1.7082,2.5945,-2.4317,4.2408
-2.1144,3.3997,-1.7424,2.5803,-2.4864,4.2191
-2.1586,3.3812,-1.7762,2.5658,-2.5410,4.1967
-2.2026,3.3622,-1.8098,2.5509,-2.5955,4.1735
-2.2464,3.3427,-1.8429,2.5357,-2.6499,4.1497
-2.2899,3.3226,-1.8758,2.5202,-2.7041,4.1251
-2.3332,3.3021,-1.9083,2.5043,-2.7581,4.0998
-2.3762,3.2809,-1.9404,2.4882,-2.8119,4.0737
-2.4189,3.2592,-1.9723,2.4716,-2.8656,4.0468
-2.4614,3.2370,-2.0037,2.4548,-2.9190,4.0192
-2.5035,3.2142,-2.0348,2.4376,-2.9722,3.9908
-2.5453,3.1908,-2.0656,2.4201,-3.0251,3.9615
-2.5869,3.1669,-2.0960,2.4022,-3.0777,3.9315
-2.6280,3.1424,-2.1259,2.3841,-3.1301,3.9007
-2.6689,3.1173,-2.1556,2.3655,-3.1822,3.8691
-2.7094,3.0917,-2.1848,2.3467,-3.2339,3.8366
-2.7495,3.0654,-2.2137,2.3276,-3.2853,3.8033
-2.7893,3.0386,-2.2422,2.3081,-3.3364,3.7692
-2.8287,3.0112,-2.2703,2.2882,-3.3870,3.7343
-2.8677,2.9833,-2.2981,2.2681,-3.4373,3.6985
-2.9062,2.9547,-2.3254,2.2476,-3.4871,3.6619
-2.9444,2.9256,-2.3524,2.2267,-3.5364,3.6244
-2.9821,2.8959,-2.3789,2.2056,-3.5853,3.5862
-3.0194,2.8656,-2.4052,2.1841,-3.6337,3.5471
-3.0563,2.8347,-2.4310,2.1622,-3.6816,3.5072
-3.0927,2.8032,-2.4565,2.1400,-3.7288,3.4665
-3.1286,2.7712,-2.4816,2.1174,-3.7756,3.4250
-3.1640,2.7386,-2.5063,2.0945,-3.8217,3.3828
-3.1989,2.7054,-2.5307,2.0712,-3.8672,3.3397
-3.2334,2.6717,-2.5547,2.0475,-3.9121,3.2960
-3.2673,2.6374,-2.5784,2.0234,-3.9563,3.2515
-3.3008,2.6026,-2.6017,1.9989,-3.9998,3.2063
-3.3337,2.5672,-2.6248,1.9740,-4.0426,3.1604
-3.3661,2.5313,-2.6475,1.9487,-4.0846,3.1139
-3.3979,2.4948,-2.6699,1.9229,-4.1259,3.0667
-3.4292,2.4578,-2.6920,1.8967,-4.1664,3.0190
-3.4600,2.4203,-2.7139,1.8700,-4.2062,2.9707
-3.4903,2.3824,-2.7354,1.8428,-4.2451,2.9220
-3.5200,2.3439,-2.7568,1.8150,-4.2832,2.8727
-3.5492,2.3049,-2.7779,1.7868,-4.3205,2.8231
-3.5779,2.2655,-2.7988,1.7580,-4.3570,2.7731
-3.6060,2.2257,-2.8194,1.7285,-4.3926,2.7228
-3.6336,2.1854,-2.8400,1.6985,-4.4273,2.6722
-3.6608,2.1447,-2.8603,1.6678,-4.4612,2.6215
-3.6874,2.1036,-2.8805,1.6365,-4.4943,2.5706
-3.7136,2.0621,-2.9006,1.6045,-4.5265,2.5196
-3.7393,2.0202,-2.9206,1.5718,-4.5580,2.4686
-3.7645,1.9780,-2.9405,1.5383,-4.5886,2.4176
-3.7893,1.9354,-2.9603,1.5040,-4.6184,2.3668
-3.8138,1.8926,-2.9802,1.4690,-4.6474,2.3162
-3.8378,1.8494,-3.0000,1.4331,-4.6757,2.2657
-3.8615,1.8060,-3.0199,1.3963,-4.7032,2.2156
-3.8849,1.7623,-3.0398,1.3587,-4.7300,2.1659
-3.9080,1.7184,-3.0599,1.3202,-4.7562,2.1166
-3.9309,1.6743,-3.0801,1.2808,-4.7817,2.0677
-3.9535,1.6300,-3.1005,1.2404,-4.8066,2.0195
-3.9760,1.5855,-3.1210,1.1992,-4.8310,1.9718
-3.9983,1.5409,-3.1419,1.1570,-4.8548,1.9248
-4.0206,1.4962,-3.1630,1.1139,-4.8781,1.8785
-4.0427,1.4514,-3.1844,1.0698,-4.9010,1.8329
-4.0649,1.4065,-3.2063,1.0249,-4.9235,1.7880
-4.0871,1.3616,-3.2285,0.9792,-4.9457,1.7440
-4.1093,1.3166,-3.2512,0.9326,-4.9675,1.7007
-4.1317,1.2717,-3.2743,0.8853,-4.9890,1.6582
-4.1542,1.2268,-3.2980,0.8372,-5.0103,1.6164
-4.1768,1.1820,-3.3222,0.7886,-5.0315,1.5754
-4.1997,1.1373,-3.3470,0.7393,-5.0525,1.5352
-4.2228,1.0926,-3.3723,0.6897,-5.0734,1.4956
-4.2462,1.0481,-3.3981,0.6396,-5.0943,1.4566
-4.2699,1.0037,-3.4246,0.5893,-5.1152,1.4182
-4.2939,0.9595,-3.4516,0.5388,-5.1362,1.3803
-4.3182,0.9155,-3.4791,0.4883,-5.1572,1.3428
-4.3428,0.8717,-3.5071,0.4377,-5.1785,1.3056
-4.3677,0.8281,-3.5355,0.3874,-5.1999,1.2687
-4.3930,0.7846,-3.5644,0.3372,-5.2216,1.2320
-4.4186,0.7414,-3.5937,0.2874,-5.2436,1.1954
-4.4445,0.6984,-3.6232,0.2380,-5.2658,1.1589
-4.4708,0.6556,-3.6530,0.1890,-5.2885,1.1223
-4.4973,0.6130,-3.6831,0.1405,-5.3115,1.0856
-4.5241,0.5706,-3.7133,0.0926,-5.3349,1.0487
-4.5511,0.5284,-3.7435,0.0453,-5.3587,1.0116
-4.5784,0.4864,-3.7738,-0.0014,-5.3830,0.9743
-4.6059,0.4445,-3.8042,-0.0475,-5.4076,0.9366
-4.6336,0.4028,-3.8344,-0.0930,-5.4328,0.8986
-4.6614,0.3612,-3.8646,-0.1378,-5.4583,0.8601
-4.6894,0.3197,-3.8946,-0.1820,-5.4842,0.8213
-4.7175,0.2782,-3.9244,-0.2256,-5.5106,0.7820
-4.7457,0.2369,-3.9540,-0.2686,-5.5373,0.7423
-4.7739,0.1956,-3.9834,-0.3110,-5.5644,0.7021
-4.8022,0.1543,-4.0125,-0.3528,-5.5918,0.6614
-4.8304,0.1130,-4.0413,-0.3942,-5.6195,0.6202
-4.8587,0.0717,-4.0699,-0.4350,-5.6475,0.5784
-4.8869,0.0304,-4.0980,-0.4754,-5.6758,0.5362
-4.9151,-0.0110,-4.1259,-0.5153,-5.7043,0.4933
-4.9431,-0.0524,-4.1533,-0.5548,-5.7329,0.4500
-4.9711,-0.0940,-4.1804,-0.5939,-5.7617,0.4060
-4.9989,-0.1356,-4.2071,-0.6327,-5.7906,0.3615
-5.0265,-0.1774,-4.2334,-0.6711,-5.8196,0.3164
-5.0539,-0.2192,-4.2593,-0.7092,-5.8486,0.2707
-5.0812,-0.2613,-4.2847,-0.7470,-5.8777,0.2244
-5.1082,-0.3035,-4.3097,-0.7845,-5.9067,0.1776
-5.1349,-0.3459,-4.3343,-0.8218,-5.9356,0.1301
-5.1614,-0.3885,-4.3584,-0.8589,-5.9645,0.0820
-5.1876,-0.4312,-4.3820,-0.8957,-5.9932,0.0332
-5.2135,-0.4742,-4.4052,-0.9323,-6.0217,-0.0161
-5.2390,-0.5175,-4.4279,-0.9688,-6.0500,-0.0661
-5.2641,-0.5609,-4.4501,-1.0051,-6.0781,-0.1167
-5.2889,-0.6046,-4.4718,-1.0412,-6.1060,-0.1680
-5.3132,-0.6486,-4.4930,-1.0772,-6.1335,-0.2199
-5.3371,-0.6928,-4.5137,-1.1130,-6.1606,-0.2725
-5.3606,-0.7372,-4.5338,-1.1487,-6.1874,-0.3258
-5.3836,-0.7820,-4.5535,-1.1843,-6.2138,-0.3797
-5.4061,-0.8270,-4.5725,-1.2197,-6.2397,-0.4343
-5.4281,-0.8723,-4.5911,-1.2551,-6.2651,-0.4895
-5.4495,-0.9179,-4.6091,-1.2903,-6.2900,-0.5454
-5.4704,-0.9637,-4.6265,-1.3254,-6.3143,-0.6020
-5.4906,-1.0099,-4.6433,-1.3605,-6.3380,-0.6593
-5.5103,-1.0563,-4.6596,-1.3954,-6.3610,-0.7172
-5.5293,-1.1031,-4.6753,-1.4302,-6.3834,-0.7759
-5.5477,-1.1501,-4.6904,-1.4650,-6.4051,-0.8352
-5.5654,-1.1974,-4.7049,-1.4996,-6.4260,-0.8951
-5.5824,-1.2449,-4.7187,-1.5341,-6.4461,-0.9558
-5.5987,-1.2928,-4.7320,-1.5686,-6.4653,-1.0170
-5.6142,-1.3409,-4.7446,-1.6029,-6.4837,-1.0790
-5.6289,-1.3893,-4.7566,-1.6371,-6.5012,-1.1415
-5.6428,-1.4380,-4.7680,-1.6712,-6.5176,-1.2047
-5.6559,-1.4869,-4.7788,-1.7052,-6.5331,-1.2686
-5.6682,-1.5360,-4.7888,-1.7391,-6.5476,-1.3330
-5.6796,-1.5854,-4.7983,-1.7729,-6.5609,-1.3979
-5.6901,-1.6350,-4.8071,-1.8065,-6.5732,-1.4635
-5.6997,-1.6848,-4.8152,-1.8400,-6.5842,-1.5296
-5.7084,-1.7348,-4.8226,-1.8734,-6.5941,-1.5962
-5.7161,-1.7850,-4.8294,-1.9067,-6.6027,-1.6633
-5.7228,-1.8353,-4.8356,-1.9398,-6.6100,-1.7309
-5.7285,-1.8858,-4.8410,-1.9727,-6.6160,-1.7989
-5.7332,-1.9364,-4.8458,-2.0056,-6.6206,-1.8673
-5.7368,-1.9871,-4.8499,-2.0383,-6.6238,-1.9360
-5.7394,-2.0379,-4.8533,-2.0708,-6.6256,-2.0050
-5.7410,-2.0888,-4.8560,-2.1032,-6.6259,-2.0743
-5.7414,-2.1396,-4.8580,-2.1354,-6.6247,-2.1439
-5.7407,-2.1905,-4.8594,-2.1674,-6.6220,-2.2136
-5.7389,-2.2414,-4.8600,-2.1994,-6.6178,-2.2834
-5.7360,-2.2922,-4.8600,-2.2311,-6.6119,-2.3534
-5.7319,-2.3430,-4.8593,-2.2627,-6.6045,-2.4233
-5.7267,-2.3937,-4.8579,-2.2942,-6.5955,-2.4932
-5.7203,-2.4442,-4.8558,-2.3255,-6.5848,-2.5630
-5.7127,-2.4946,-4.8530,-2.3566,-6.5725,-2.6326
-5.7040,-2.5448,-4.8495,-2.3876,-6.5586,-2.7021
-5.6941,-2.5948,-4.8453,-2.4184,-6.5430,-2.7712
-5.6831,-2.6446,-4.8403,-2.4491,-6.5258,-2.8400
-5.6709,-2.6941,-4.8347,-2.4796,-6.5070,-2.9085
-5.6575,-2.7432,-4.8284,-2.5100,-6.4866,-2.9764
-5.6429,-2.7921,-4.8214,-2.5402,-6.4645,-3.0439
-5.6272,-2.8406,-4.8136,-2.5703,-6.4409,-3.1108
-5.6104,-2.8886,-4.8051,-2.6002,-6.4157,-3.1770
-5.5924,-2.9363,-4.7959,-2.6300,-6.3889,-3.2426
-5.5733,-2.9835,-4.7860,-2.6596,-6.3607,-3.3075
-5.5532,-3.0303,-4.7754,-2.6890,-6.3309,-3.3716
-5.5319,-3.0766,-4.7640,-2.7184,-6.2997,-3.4348
-5.5095,-3.1223,-4.7519,-2.7475,-6.2672,-3.4971
-5.4861,-3.1675,-4.7391,-2.7764,-6.2332,-3.5586
-5.4617,-3.2121,-4.7255,-2.8052,-6.1978,-3.6190
-5.4362,-3.2562,-4.7112,-2.8339,-6.1613,-3.6785
-5.4098,-3.2996,-4.6962,-2.8623,-6.1234,-3.7370
-5.3824,-3.3424,-4.6804,-2.8905,-6.0843,-3.7944
-5.3540,-3.3846,-4.6639,-2.9185,-6.0441,-3.8507
-5.3247,-3.4261,-4.6467,-2.9463,-6.0028,-3.9059
-5.2946,-3.4670,-4.6287,-2.9739,-5.9604,-3.9600
-5.2635,-3.5071,-4.6100,-3.0013,-5.9170,-4.0130
-5.2316,-3.5466,-4.5906,-3.0284,-5.8726,-4.0648
-5.1989,-3.5854,-4.5705,-3.0553,-5.8273,-4.1155
-5.1654,-3.6234,-4.5497,-3.0819,-5.7811,-4.1650
-5.1311,-3.6608,-4.5282,-3.1082,-5.7341,-4.2133
-5.0961,-3.6974,-4.5059,-3.1343,-5.6862,-4.2605
-5.0603,-3.7333,-4.4830,-3.1601,-5.6376,-4.3064
-5.0239,-3.7684,-4.4594,-3.1855,-5.5883,-4.3513
-4.9867,-3.8028,-4.4352,-3.2107,-5.5383,-4.3949
-4.9490,-3.8365,-4.4102,-3.2355,-5.4877,-4.4374
-4.9106,-3.8694,-4.3847,-3.2601,-5.4365,-4.4787
-4.8716,-3.9015,-4.3585,-3.2842,-5.3847,-4.5189
-4.8320,-3.9330,-4.3316,-3.3080,-5.3323,-4.5579
-4.7918,-3.9636,-4.3042,-3.3315,-5.2795,-4.5958
-4.7512,-3.9936,-4.2762,-3.3545,-5.2262,-4.6326
-4.7100,-4.0227,-4.2476,-3.3772,-5.1724,-4.6682
-4.6683,-4.0512,-4.2184,-3.3995,-5.1183,-4.7028
-4.6262,-4.0789,-4.1886,-3.4214,-5.0637,-4.7363
-4.5836,-4.1058,-4.1583,-3.4429,-5.0088,-4.7687
-4.5405,-4.1321,-4.1274,-3.4640,-4.9536,-4.8001
-4.4971,-4.1576,-4.0960,-3.4847,-4.8981,-4.8304
-4.4532,-4.1824,-4.0642,-3.5050,-4.8423,-4.8597
-4.4090,-4.2064,-4.0318,-3.5248,-4.7862,-4.8880
-4.3644,-4.2298,-3.9989,-3.5442,-4.7298,-4.9153
-4.3194,-4.2524,-3.9656,-3.5631,-4.6732,-4.9417
-4.2742,-4.2743,-3.9318,-3.5816,-4.6165,-4.9670
-4.2286,-4.2956,-3.8976,-3.5997,-4.5596,-4.9914
-4.1827,-4.3161,-3.8630,-3.6173,-4.5024,-5.0149
-4.1365,-4.3359,-3.8279,-3.6344,-4.4451,-5.0375
-4.0901,-4.3551,-3.7924,-3.6511,-4.3877,-5.0591
-4.0434,-4.3736,-3.7566,-3.6673,-4.3301,-5.0798
-3.9964,-4.3914,-3.7204,-3.6830,-4.2724,-5.0997
-3.9492,-4.4085,-3.6838,-3.6983,-4.2146,-5.1187
-3.9018,-4.4250,-3.6469,-3.7131,-4.1567,-5.1369
-3.8542,-4.4408,-3.6096,-3.7275,-4.0988,-5.1542
-3.8064,-4.4560,-3.5721,-3.7413,-4.0407,-5.1707
-3.7584,-4.4705,-3.5342,-3.7547,-3.9826,-5.1864
-3.7102,-4.4844,-3.4960,-3.7676,-3.9245,-5.2013
-3.6619,-4.4977,-3.4575,-3.7800,-3.8663,-5.2154
-3.6134,-4.5103,-3.4187,-3.7920,-3.8081,-5.2287
-3.5648,-4.5223,-3.3797,-3.8034,-3.7498,-5.2413
-3.5160,-4.5337,-3.3404,-3.8144,-3.6915,-5.2531
-3.4671,-4.5445,-3.3009,-3.8249,-3.6333,-5.2642
-3.4180,-4.5547,-3.2611,-3.8349,-3.5750,-5.2745
-3.3689,-4.5643,-3.2211,-3.8445,-3.5167,-5.2841
-3.3197,-4.5733,-3.1810,-3.8535,-3.4584,-5.2931
-3.2703,-4.5817,-3.1405,-3.8621,-3.4002,-5.3013
-3.2209,-4.5895,-3.1000,-3.8702,-3.3419,-5.3088
-3.1714,-4.5967,-3.0592,-3.8778,-3.2837,-5.3157
-3.1219,-4.6034,-3.0182,-3.8849,-3.2255,-5.3219
-3.0722,-4.6095,-2.9771,-3.8916,-3.1673,-5.3274
-3.0225,-4.6150,-2.9358,-3.8978,-3.1093,-5.3323
-2.9728,-4.6200,-2.8944,-3.9035,-3.0512,-5.3365
-2.9230,-4.6244,-2.8529,-3.9087,-2.9932,-5.3401
-2.8732,-4.6282,-2.8112,-3.9134,-2.9352,-5.3431
-2.8233,-4.6316,-2.7693,-3.9177,-2.8774,-5.3454
-2.7735,-4.6343,-2.7275,-3.9215,-2.8195,-5.3472
-2.7236,-4.6366,-2.6854,-3.9248,-2.7617,-5.3483
-2.6737,-4.6383,-2.6433,-3.9277,-2.7041,-5.3488
-2.6237,-4.6394,-2.6011,-3.9301,-2.6464,-5.3488
-2.5738,-4.6401,-2.5588,-3.9320,-2.5888,-5.3481
-2.5239,-4.6402,-2.5164,-3.9334,-2.5314,-5.3469
-2.4740,-4.6398,-2.4740,-3.9344,-2.4740,-5.3451
-2.4241,-4.6389,-2.4315,-3.9349,-2.4167,-5.3428
-2.3742,-4.6374,-2.3890,-3.9350,-2.3595,-5.3399
-2.3244,-4.6355,-2.3464,-3.9346,-2.3024,-5.3364
-2.2745,-4.6330,-2.3037,-3.9337,-2.2453,-5.3324
-2.2247,-4.6301,-2.2611,-3.9324,-2.1884,-5.3278
-2.1750,-4.6266,-2.2184,-3.9306,-2.1316,-5.3227
-2.1253,-4.6227,-2.1757,-3.9283,-2.0749,-5.3171
-2.0756,-4.6183,-2.1330,-3.9256,-2.0182,-5.3109
-2.0260,-4.6134,-2.0903,-3.9225,-1.9617,-5.3042
-1.9764,-4.6079,-2.0476,-3.9189,-1.9053,-5.2970
-1.9269,-4.6021,-2.0049,-3.9148,-1.8490,-5.2893
-1.8775,-4.5957,-1.9622,-3.9103,-1.7928,-5.2811
-1.8281,-4.5888,-1.9195,-3.9053,-1.7367,-5.2723
-1.7788,-4.5815,-1.8768,-3.8999,-1.6808,-5.2631
-1.7296,-4.5737,-1.8342,-3.8941,-1.6250,-5.2533
-1.6805,-4.5654,-1.7917,-3.8878,-1.5693,-5.2430
-1.6314,-4.5567,-1.7491,-3.8811,-1.5137,-5.2323
-1.5825,-4.5475,-1.7067,-3.8739,-1.4583,-5.2211
-1.5336,-4.5378,-1.6642,-3.8663,-1.4030,-5.2093
-1.4848,-4.5277,-1.6219,-3.8582,-1.3478,-5.1971
-1.4362,-4.5171,-1.5796,-3.8498,-1.2928,-5.1844
-1.3876,-4.5060,-1.5374,-3.8408,-1.2379,-5.1712
-1.3391,-4.4945,-1.4952,-3.8315,-1.1831,-5.1576
-1.2908,-4.4826,-1.4531,-3.8217,-1.1285,-5.1434
-1.2426,-4.4702,-1.4112,-3.8115,-1.0740,-5.1288
-1.1945,-4.4573,-1.3692,-3.8009,-1.0197,-5.1138
-1.1465,-4.4440,-1.3275,-3.7898,-0.9655,-5.0982
-1.0986,-4.4303,-1.2858,-3.7783,-0.9115,-5.0822
-1.0509,-4.4161,-1.2442,-3.7664,-0.8577,-5.0657
-1.0033,-4.4014,-1.2027,-3.7541,-0.8039,-5.0488
-0.9559,-4.3864,-1.1614,-3.7414,-0.7504,-5.0314
-0.9086,-4.3709,-1.1201,-3.7282,-0.6970,-5.0135
-0.8614,-4.3549,-1.0790,-3.7146,-0.6438,-4.9952
-0.8144,-4.3385,-1.0381,-3.7006,-0.5908,-4.9764
-0.7676,-4.3217,-0.9972,-3.6862,-0.5379,-4.9572
-0.7209,-4.3045,-0.9565,-3.6714,-0.4852,-4.9375
-0.6743,-4.2868,-0.9160,-3.6562,-0.4327,-4.9174
-0.6280,-4.2687,-0.8756,-3.6406,-0.3803,-4.8969
-0.5818,-4.2502,-0.8353,-3.6245,-0.3282,-4.8759
-0.5357,-4.2312,-0.7953,-3.6081,-0.2762,-4.8544
-0.4899,-4.2119,-0.7553,-3.5913,-0.2244,-4.8325
-0.4442,-4.1921,-0.7156,-3.5740,-0.1729,-4.8102
-0.3987,-4.1719,-0.6760,-3.5564,-0.1215,-4.7874
-0.3534,-4.1513,-0.6366,-3.5384,-0.0703,-4.7642
-0.3083,-4.1302,-0.5973,-3.5199,-0.0193,-4.7405
-0.2634,-4.1088,-0.5582,-3.5011,0.0314,-4.7164
-0.2187,-4.0869,-0.5194,-3.4819,0.0820,-4.6919
-0.1742,-4.0647,-0.4807,-3.4623,0.1324,-4.6670
-0.1298,-4.0420,-0.4422,-3.4423,0.1825,-4.6416
-0.0857,-4.0189,-0.4039,-3.4220,0.2324,-4.6159
-0.0418,-3.9955,-0.3657,-3.4012,0.2821,-4.5897
0.0019,-3.9716,-0.3278,-3.3801,0.3315,-4.5631
0.0454,-3.9473,-0.2901,-3.3586,0.3808,-4.5360
0.0886,-3.9227,-0.2525,-3.3367,0.4297,-4.5086
0.1316,-3.8976,-0.2152,-3.3145,0.4785,-4.4808
0.1745,-3.8722,-0.1780,-3.2918,0.5270,-4.4526
0.2171,-3.8464,-0.1411,-3.2688,0.5752,-4.4239
0.2594,-3.8202,-0.1044,-3.2455,0.6232,-4.3949
0.3015,-3.7936,-0.0678,-3.2217,0.6709,-4.3655
0.3434,-3.7667,-0.0315,-3.1976,0.7184,-4.3358
0.3851,-3.7394,0.0047,-3.1731,0.7656,-4.3056
0.4266,-3.7117,0.0406,-3.1483,0.8125,-4.2751
0.4677,-3.6837,0.0764,-3.1231,0.8591,-4.2443
0.5087,-3.6553,0.1119,-3.0975,0.9055,-4.2131
0.5494,-3.6266,0.1473,-3.0716,0.9516,-4.1816
0.5899,-3.5975,0.1825,-3.0453,0.9973,-4.1497
0.6302,-3.5681,0.2176,-3.0186,1.0428,-4.1176
0.6702,-3.5383,0.2524,-2.9916,1.0880,-4.0851
0.7100,-3.5083,0.2871,-2.9642,1.1328,-4.0524
0.7495,-3.4779,0.3217,-2.9365,1.1774,-4.0193
0.7889,-3.4472,0.3561,-2.9084,1.2216,-3.9861
0.8280,-3.4162,0.3904,-2.8799,1.2655,-3.9526
0.8668,-3.3850,0.4246,-2.8510,1.3091,-3.9189
0.9055,-3.3534,0.4586,-2.8218,1.3524,-3.8850
0.9439,-3.3216,0.4926,-2.7923,1.3953,-3.8509
0.9822,-3.2895,0.5266,-2.7623,1.4378,-3.8167
1.0202,-3.2572,0.5604,-2.7320,1.4800,-3.7824
1.0581,-3.2246,0.5943,-2.7013,1.5219,-3.7480
1.0958,-3.1919,0.6282,-2.6701,1.5634,-3.7136
1.1333,-3.1589,0.6621,-2.6386,1.6045,-3.6791
1.1707,-3.1257,0.6961,-2.6068,1.6453,-3.6447
1.2079,-3.0924,0.7302,-2.5744,1.6857,-3.6104
1.2450,-3.0589,0.7644,-2.5417,1.7257,-3.5762
1.2821,-3.0253,0.7988,-2.5086,1.7653,-3.5421
1.3190,-2.9916,0.8334,-2.4750,1.8045,-3.5083
1.3559,-2.9579,0.8684,-2.4410,1.8433,-3.4747
1.3927,-2.9240,0.9036,-2.4066,1.8817,-3.4415
1.4295,-2.8902,0.9393,-2.3717,1.9197,-3.4087
1.4664,-2.8564,0.9755,-2.3364,1.9572,-3.3764
1.5033,-2.8226,1.0122,-2.3006,1.9943,-3.3446
1.5402,-2.7889,1.0495,-2.2643,2.0310,-3.3134
1.5773,-2.7553,1.0875,-2.2277,2.0672,-3.2830
1.6146,-2.7219,1.1263,-2.1905,2.1028,-3.2533
1.6520,-2.6887,1.1660,-2.1530,2.1381,-3.2244
1.6897,-2.6558,1.2066,-2.1151,2.1728,-3.1965
1.7277,-2.6232,1.2483,-2.0769,2.2070,-3.1695
1.7659,-2.5910,1.2912,-2.0384,2.2407,-3.1436
1.8045,-2.5592,1.3352,-1.9997,2.2739,-3.1187
1.8435,-2.5279,1.3805,-1.9608,2.3066,-3.0950
1.8830,-2.4972,1.4271,-1.9220,2.3388,-3.0724
1.9228,-2.4671,1.4751,-1.8832,2.3706,-3.0510
1.9632,-2.4377,1.5245,-1.8447,2.4020,-3.0306
2.0041,-2.4090,1.5751,-1.8066,2.4330,-3.0114
2.0455,-2.3811,1.6271,-1.7690,2.4638,-2.9931
2.0874,-2.3540,1.6802,-1.7321,2.4945,-2.9759
2.1298,-2.3278,1.7344,-1.6961,2.5252,-2.9595
2.1728,-2.3025,1.7895,-1.6610,2.5560,-2.9439
2.2162,-2.2781,1.8455,-1.6271,2.5870,-2.9290
2.2601,-2.2546,1.9020,-1.5943,2.6183,-2.9148
2.3045,-2.2320,1.9589,-1.5629,2.6502,-2.9011
2.3494,-2.2103,2.0160,-1.5327,2.6827,-2.8878
2.3946,-2.1895,2.0732,-1.5039,2.7160,-2.8750
2.4402,-2.1695,2.1303,-1.4764,2.7501,-2.8626
2.4862,-2.1503,2.1873,-1.4502,2.7851,-2.8504
2.5324,-2.1319,2.2438,-1.4252,2.8210,-2.8385
2.5789,-2.1141,2.3000,-1.4014,2.8579,-2.8269
2.6257,-2.0971,2.3557,-1.3787,2.8958,-2.8154
2.6727,-2.0806,2.4108,-1.3570,2.9346,-2.8042
2.7199,-2.0647,2.4654,-1.3362,2.9745,-2.7931
2.7673,-2.0492,2.5194,-1.3163,3.0152,-2.7821
2.8149,-2.0342,2.5728,-1.2971,3.0569,-2.7713
2.8625,-2.0196,2.6256,-1.2786,3.0995,-2.7606
2.9103,-2.0053,2.6778,-1.2607,3.1429,-2.7499
2.9582,-1.9913,2.7294,-1.2433,3.1870,-2.7393
3.0062,-1.9775,2.7804,-1.2264,3.2319,-2.7287
3.0542,-1.9640,2.8310,-1.2098,3.2775,-2.7181
3.1024,-1.9506,2.8809,-1.1937,3.3238,-2.7076
3.1505,-1.9374,2.9304,-1.1778,3.3706,-2.6969
3.1987,-1.9242,2.9794,-1.1621,3.4180,-2.6862
3.2470,-1.9111,3.0280,-1.1467,3.4660,-2.6755
3.2952,-1.8980,3.0761,-1.1314,3.5144,-2.6646
3.3435,-1.8849,3.1237,-1.1163,3.5633,-2.6536
3.3918,-1.8718,3.1710,-1.1012,3.6126,-2.6424
3.4401,-1.8587,3.2178,-1.0862,3.6623,-2.6311
3.4884,-1.8454,3.2643,-1.0712,3.7124,-2.6196
3.5366,-1.8321,3.3104,-1.0562,3.7628,-2.6079
3.5849,-1.8186,3.3562,-1.0412,3.8135,-2.5960
3.6331,-1.8050,3.4016,-1.0262,3.8646,-2.5838
3.6813,-1.7912,3.4467,-1.0111,3.9158,-2.5713
3.7294,-1.7773,3.4914,-0.9959,3.9674,-2.5586
3.7775,-1.7631,3.5359,-0.9807,4.0192,-2.5456
3.8256,-1.7487,3.5800,-0.9653,4.0712,-2.5322
3.8736,-1.7342,3.6238,-0.9498,4.1234,-2.5186
3.9215,-1.7193,3.6673,-0.9341,4.1757,-2.5045
3.9694,-1.7042,3.7105,-0.9183,4.2283,-2.4902
4.0172,-1.6889,3.7534,-0.9023,4.2810,-2.4754
4.0649,-1.6732,3.7960,-0.8862,4.3338,-2.4603
4.1125,-1.6573,3.8383,-0.8698,4.3868,-2.4447
4.1601,-1.6410,3.8803,-0.8533,4.4399,-2.4287
4.2075,-1.6244,3.9220,-0.8366,4.4931,-2.4123
4.2549,-1.6075,3.9634,-0.8196,4.5464,-2.3954
4.3021,-1.5903,4.0044,-0.8025,4.5997,-2.3781
4.3492,-1.5727,4.0452,-0.7851,4.6532,-2.3603
4.3962,-1.5547,4.0857,-0.7675,4.7067,-2.3420
4.4430,-1.5364,4.1258,-0.7496,4.7602,-2.3232
4.4897,-1.5177,4.1657,-0.7315,4.8138,-2.3039
4.5363,-1.4986,4.2052,-0.7132,4.8675,-2.2840
4.5827,-1.4791,4.2443,-0.6946,4.9211,-2.2636
4.6290,-1.4592,4.2832,-0.6757,4.9748,-2.2426
4.6751,-1.4388,4.3217,-0.6566,5.0284,-2.2211
4.7209,-1.4181,4.3598,-0.6373,5.0821,-2.1989
4.7667,-1.3969,4.3976,-0.6176,5.1357,-2.1761
4.8122,-1.3752,4.4350,-0.5977,5.1893,-2.1527
4.8575,-1.3531,4.4720,-0.5775,5.2429,-2.1287
4.9026,-1.3306,4.5087,-0.5571,5.2964,-2.1040
4.9474,-1.3075,4.5449,-0.5364,5.3499,-2.0787
4.9920,-1.2840,4.5808,-0.5154,5.4033,-2.0526
5.0364,-1.2600,4.6162,-0.4942,5.4566,-2.0259
5.0805,-1.2355,4.6512,-0.4726,5.5098,-1.9984
5.1244,-1.2105,4.6858,-0.4508,5.5630,-1.9702
5.1679,-1.1850,4.7199,-0.4288,5.6160,-1.9412
5.2112,-1.1589,4.7535,-0.4064,5.6688,-1.9114
5.2541,-1.1324,4.7867,-0.3838,5.7215,-1.8809
5.2968,-1.1053,4.8194,-0.3610,5.7741,-1.8495
5.3390,-1.0776,4.8516,-0.3378,5.8265,-1.8174
5.3810,-1.0494,4.8832,-0.3145,5.8787,-1.7843
5.4225,-1.0206,4.9143,-0.2908,5.9307,-1.7504
5.4637,-0.9913,4.9449,-0.2670,5.9824,-1.7156
5.5044,-0.9614,4.9749,-0.2429,6.0340,-1.6798
5.5448,-0.9308,5.0044,-0.2185,6.0852,-1.6432
5.5847,-0.8998,5.0332,-0.1939,6.1362,-1.6056
5.6241,-0.8681,5.0614,-0.1692,6.1868,-1.5669
5.6630,-0.8358,5.0890,-0.1442,6.2371,-1.5273
5.7015,-0.8028,5.1159,-0.1190,6.2871,-1.4867
5.7394,-0.7693,5.1422,-0.0937,6.3366,-1.4450
5.7768,-0.7351,5.1678,-0.0681,6.3858,-1.4022
5.8136,-0.7004,5.1927,-0.0424,6.4344,-1.3583
5.8498,-0.6649,5.2168,-0.0166,6.4827,-1.3133
5.8853,-0.6289,5.2403,0.0094,6.5304,-1.2671
5.9202,-0.5922,5.2630,0.0355,6.5775,-1.2198
5.9545,-0.5548,5.2849,0.0616,6.6240,-1.1713
5.9880,-0.5168,5.3060,0.0879,6.6699,-1.1215
6.0207,-0.4782,5.3264,0.1142,6.7151,-1.0705
6.0527,-0.4389,5.3459,0.1405,6.7596,-1.0183
6.0839,-0.3989,5.3646,0.1669,6.8033,-0.9647
6.1143,-0.3583,5.3825,0.1932,6.8461,-0.9099
6.1438,-0.3171,5.3995,0.2195,6.8880,-0.8538
6.1723,-0.2752,5.4156,0.2458,6.9290,-0.7963
6.1999,-0.2327,5.4309,0.2720,6.9689,-0.7375
6.2265,-0.1896,5.4454,0.2981,7.0077,-0.6773
6.2521,-0.1459,5.4589,0.3240,7.0454,-0.6158
6.2767,-0.1015,5.4716,0.3499,7.0818,-0.5529
6.3001,-0.0566,5.4834,0.3755,7.1168,-0.4888
