s,x,y,heading,kappa,w_left,w_right
0.000000,6.963413,-0.314513,1.108617,0.392099,1.635370,0.210726
0.099882,7.006184,-0.224243,1.148124,0.398653,1.635982,0.213504
0.199764,7.045327,-0.132341,1.188273,0.404870,1.636693,0.221744
0.299646,7.080722,-0.038932,1.229007,0.410761,1.637217,0.221689
0.399528,7.112257,0.055851,1.270280,0.415419,1.639258,0.221119
0.499410,7.139833,0.151861,1.312013,0.419714,1.640500,0.220148
0.599292,7.163360,0.248942,1.354120,0.423394,1.642076,0.218701
0.699174,7.182763,0.346931,1.396544,0.425831,1.644567,0.217672
0.799056,7.197981,0.445656,1.439208,0.427886,1.645564,0.217476
0.898938,7.208966,0.544942,1.482015,0.429240,1.646665,0.218042
0.998820,7.215687,0.644607,1.524908,0.429332,1.648046,0.216629
1.098702,7.218128,0.744469,1.567804,0.429039,1.649359,0.212447
1.198584,7.216288,0.844344,1.610606,0.428005,1.650384,0.211320
1.298466,7.210183,0.944048,1.653259,0.425744,1.651095,0.211101
1.398348,7.199844,1.043403,1.695678,0.423116,1.651836,0.211970
1.498230,7.185316,1.142233,1.737773,0.419755,1.653200,0.212715
1.598112,7.166659,1.240366,1.779488,0.415215,1.654741,0.212264
1.697994,7.143949,1.337641,1.820742,0.410401,1.656674,0.211283
1.797876,7.117271,1.433903,1.861466,0.405030,1.660962,0.210491
1.897758,7.086723,1.529008,1.901588,0.397961,1.664031,0.209870
1.997640,7.052419,1.622823,1.941001,0.391505,1.664866,0.209710
2.097522,7.014472,1.715225,1.979857,0.386537,1.665590,0.211586
2.197404,6.972988,1.806093,2.018159,0.380020,1.665784,0.214251
2.297286,6.928086,1.895321,2.055790,0.373171,1.667684,0.213817
2.397168,6.879889,1.982813,2.092700,0.365904,1.667698,0.213044
2.497050,6.828528,2.068486,2.128860,0.357908,1.668213,0.213068
2.596932,6.774137,2.152268,2.164212,0.349671,1.669314,0.213236
2.696814,6.716855,2.234099,2.198701,0.340907,1.666795,0.213286
2.796695,6.656820,2.313933,2.232305,0.331829,1.665526,0.212894
2.896577,6.594172,2.391732,2.264996,0.322303,1.665398,0.210674
2.996459,6.529053,2.467475,2.296656,0.311631,1.665373,0.209971
3.096341,6.461606,2.541153,2.327367,0.303810,1.665082,0.210161
3.196223,6.391955,2.612749,2.357358,0.296326,1.664547,0.210663
3.296105,6.320216,2.682253,2.386529,0.287774,1.663995,0.210999
3.395987,6.246509,2.749667,2.414845,0.279141,1.663203,0.211429
3.495869,6.170952,2.814999,2.442299,0.270441,1.662486,0.212023
3.595751,6.093658,2.878266,2.468862,0.261444,1.661512,0.212915
3.695633,6.014738,2.939494,2.494520,0.252237,1.659140,0.213346
3.795515,5.934301,2.998714,2.519255,0.242956,1.657083,0.212553
3.895397,5.852452,3.055964,2.543050,0.233492,1.655831,0.212233
3.995279,5.769289,3.111290,2.565894,0.223871,1.653591,0.213004
4.095161,5.684911,3.164743,2.587775,0.214198,1.651447,0.214289
4.195043,5.599408,3.216378,2.608680,0.204403,1.649960,0.215354
4.294925,5.512870,3.266256,2.628604,0.194490,1.648077,0.216181
4.394807,5.425378,3.314445,2.647535,0.184558,1.645285,0.217023
4.494689,5.337014,3.361012,2.665472,0.174604,1.639323,0.218779
4.594571,5.247852,3.406031,2.682404,0.164355,1.633010,0.220186
4.694453,5.157962,3.449580,2.698309,0.154307,1.629348,0.218059
4.794335,5.067412,3.491738,2.713260,0.145068,1.629464,0.213721
4.894217,4.976262,3.532583,2.727165,0.132550,1.630181,0.211379
4.994099,4.884579,3.572216,2.739776,0.122959,1.629818,0.209775
5.093981,4.792412,3.610711,2.752181,0.125434,1.627149,0.209939
5.193863,4.699771,3.648050,2.764713,0.124670,1.624879,0.210629
5.293745,4.606672,3.684233,2.777075,0.123075,1.622708,0.211509
5.393627,4.513135,3.719268,2.789331,0.122333,1.621300,0.212827
5.493509,4.419177,3.753157,2.801504,0.121341,1.619351,0.214414
5.593391,4.324816,3.785906,2.813571,0.120277,1.616890,0.215761
5.693273,4.230068,3.817518,2.825533,0.119254,1.614625,0.214778
5.793155,4.134950,3.848000,2.837392,0.118195,1.611993,0.215117
5.893037,4.039478,3.877356,2.849145,0.117123,1.607428,0.214772
5.992919,3.943670,3.905594,2.860789,0.116030,1.606891,0.213310
6.092801,3.847542,3.932719,2.872323,0.114929,1.605948,0.212244
6.192683,3.751108,3.958740,2.883748,0.113812,1.600261,0.211021
6.292565,3.654384,3.983662,2.895057,0.112628,1.599435,0.210710
6.392447,3.557387,4.007495,2.906252,0.111584,1.596261,0.211182
6.492329,3.460129,4.030245,2.917347,0.110427,1.593676,0.211727
6.592211,3.362627,4.051921,2.928285,0.108602,1.589647,0.209237
6.692093,3.264895,4.072537,2.939117,0.108911,1.585708,0.210033
6.791975,3.166945,4.092089,2.950054,0.109957,1.583048,0.211361
6.891857,3.068786,4.110564,2.961055,0.110329,1.578966,0.212894
6.991739,2.970429,4.127956,2.972099,0.110839,1.572900,0.213169
7.091621,2.871886,4.144259,2.983198,0.111399,1.568923,0.215549
7.191503,2.773167,4.159464,2.994350,0.111892,1.564077,0.218342
7.291385,2.674285,4.173564,3.005550,0.112382,1.558850,0.221412
7.391267,2.575251,4.186554,3.016800,0.112870,1.550563,0.225943
7.491149,2.476076,4.198427,3.028097,0.113335,1.543653,0.232750
7.591031,2.376774,4.209176,3.039440,0.113787,1.536506,0.239984
7.690913,2.277355,4.218796,3.050828,0.114233,1.528770,0.247528
7.790795,2.177834,4.227281,3.062259,0.114659,1.521293,0.255445
7.890677,2.078221,4.234626,3.073733,0.115073,1.513163,0.263657
7.990559,1.978531,4.240825,3.085247,0.115480,1.504818,0.272094
8.090441,1.878776,4.245875,3.096801,0.115868,1.496439,0.278508
8.190322,1.778970,4.249769,3.108393,0.116244,1.486494,0.286452
8.290204,1.679124,4.252504,3.120023,0.116614,1.472930,0.295442
8.390086,1.579254,4.254076,3.131688,0.116964,1.461515,0.302885
8.489968,1.479372,4.254482,-3.139798,0.117303,1.450358,0.314359
8.589850,1.379492,4.253717,-3.128064,0.117637,1.438911,0.327684
8.689732,1.279629,4.251778,-3.116299,0.117951,1.420906,0.339738
8.789614,1.179794,4.248663,-3.104502,0.118254,1.404830,0.350698
8.889496,1.080004,4.244370,-3.092675,0.118553,1.394813,0.362910
8.989378,0.980271,4.238894,-3.080820,0.118832,1.385903,0.378930
9.089260,0.880611,4.232236,-3.068937,0.119101,1.373719,0.396994
9.189142,0.781037,4.224393,-3.057027,0.119366,1.359622,0.410903
9.289024,0.681563,4.215362,-3.045093,0.119612,1.345839,0.424244
9.388906,0.582204,4.205145,-3.033133,0.119849,1.332941,0.437957
9.488788,0.482975,4.193738,-3.021151,0.120082,1.321499,0.454752
9.588670,0.383890,4.181142,-3.009146,0.120296,1.308457,0.470401
9.688552,0.284963,4.167357,-2.997120,0.120502,1.293924,0.487157
9.788434,0.186209,4.152382,-2.985073,0.120704,1.279251,0.505370
9.888316,0.087643,4.136217,-2.973008,0.120887,1.262926,0.524259
9.988198,-0.010721,4.118864,-2.960924,0.121063,1.244957,0.542875
10.088080,-0.108868,4.100322,-2.948823,0.121236,1.226332,0.560456
10.187962,-0.206783,4.080593,-2.936706,0.121390,1.198617,0.574565
10.287844,-0.304451,4.059679,-2.924574,0.121537,1.181326,0.587732
10.387726,-0.401859,4.037580,-2.912427,0.121681,1.170738,0.604800
10.487608,-0.498990,4.014299,-2.900267,0.121806,1.154059,0.623071
10.587490,-0.595832,3.989839,-2.888095,0.121925,1.136934,0.643098
10.687372,-0.692368,3.964200,-2.875910,0.122042,1.119714,0.662007
10.787254,-0.788584,3.937387,-2.863716,0.122139,1.101955,0.679920
10.887136,-0.884467,3.909403,-2.851511,0.122230,1.084569,0.698488
10.987018,-0.980000,3.880249,-2.839298,0.122319,1.066109,0.715545
11.086900,-1.075170,3.849931,-2.827077,0.122389,1.049715,0.730657
11.186782,-1.169963,3.818451,-2.814849,0.122453,1.039643,0.746693
11.286664,-1.264363,3.785815,-2.802615,0.122515,1.025737,0.764190
11.386546,-1.358357,3.752026,-2.790376,0.122557,1.010474,0.779127
11.486428,-1.451930,3.717089,-2.778132,0.122593,0.995196,0.791200
11.586310,-1.545069,3.681008,-2.765885,0.122627,0.983751,0.804692
11.686192,-1.637759,3.643790,-2.753636,0.122641,0.974091,0.818020
11.786074,-1.729985,3.605439,-2.741386,0.122649,0.964019,0.828603
11.885956,-1.821735,3.565961,-2.729135,0.122656,0.954726,0.838770
11.985838,-1.912995,3.525362,-2.716885,0.122640,0.945545,0.849601
12.085720,-2.003750,3.483648,-2.704636,0.122620,0.936401,0.860672
12.185602,-2.093988,3.440826,-2.692389,0.122597,0.927853,0.872205
12.285484,-2.183694,3.396902,-2.680146,0.122552,0.922097,0.880398
12.385366,-2.272856,3.351883,-2.667907,0.122502,0.920846,0.885753
12.485248,-2.361461,3.305777,-2.655674,0.122449,0.915843,0.891256
12.585130,-2.449495,3.258591,-2.643447,0.122373,0.913462,0.896005
12.685012,-2.536946,3.210332,-2.631228,0.122293,0.915745,0.898652
12.784894,-2.623801,3.161008,-2.619017,0.122208,0.917961,0.898180
12.884776,-2.710047,3.110628,-2.606816,0.122100,0.923876,0.895211
12.984658,-2.795672,3.059200,-2.594626,0.121987,0.933347,0.890960
13.084540,-2.880665,3.006732,-2.582447,0.121870,0.944576,0.885719
13.184422,-2.965012,2.953234,-2.570282,0.121727,0.955073,0.880824
13.284304,-3.048703,2.898714,-2.558130,0.121580,0.969602,0.873760
13.384186,-3.131726,2.843182,-2.545994,0.121429,0.983318,0.864851
13.484068,-3.214069,2.786648,-2.533874,0.121252,1.001018,0.855224
13.583950,-3.295721,2.729120,-2.521772,0.121069,1.021396,0.843521
13.683831,-3.376672,2.670609,-2.509688,0.120882,1.045337,0.828571
13.783713,-3.456910,2.611124,-2.497625,0.120668,1.073246,0.810160
13.883595,-3.536426,2.550678,-2.485583,0.120449,1.105118,0.789939
13.983477,-3.615209,2.489278,-2.473563,0.120224,1.132048,0.770606
14.083359,-3.693248,2.426938,-2.461568,0.119972,1.162247,0.748632
14.183241,-3.770535,2.363666,-2.449597,0.119715,1.199805,0.724414
14.283123,-3.847060,2.299475,-2.437653,0.119451,1.232501,0.698957
14.383005,-3.922814,2.234376,-2.425736,0.119160,1.263077,0.674825
14.482887,-3.997788,2.168379,-2.413849,0.118863,1.294497,0.650498
14.582769,-4.071972,2.101498,-2.401991,0.118559,1.326931,0.622736
14.682651,-4.145360,2.033742,-2.390166,0.118228,1.359793,0.593317
14.782533,-4.217942,1.965125,-2.378373,0.117890,1.393669,0.563387
14.882415,-4.289712,1.895657,-2.366616,0.117545,1.421399,0.532160
14.982297,-4.360660,1.825352,-2.354893,0.117172,1.453398,0.500446
15.082179,-4.430782,1.754221,-2.343208,0.116793,1.481488,0.468324
15.182061,-4.500068,1.682278,-2.331562,0.116406,1.507834,0.435433
15.281943,-4.568514,1.609533,-2.319956,0.115991,1.533133,0.403769
15.381825,-4.636112,1.536000,-2.308391,0.115570,1.556375,0.373998
15.481707,-4.702857,1.461692,-2.296869,0.115140,1.578118,0.345783
15.581589,-4.768743,1.386622,-2.285391,0.114682,1.595711,0.319431
15.681471,-4.833764,1.310801,-2.273959,0.114218,1.610517,0.295350
15.781353,-4.897917,1.234244,-2.262575,0.113746,1.623260,0.275827
15.881235,-4.961195,1.156963,-2.251238,0.113245,1.635707,0.264434
15.981117,-5.023596,1.078971,-2.239952,0.112739,1.646494,0.252287
16.080999,-5.085114,1.000282,-2.228717,0.112228,1.654451,0.241966
16.180881,-5.145746,0.920907,-2.217535,0.111670,1.659558,0.232962
16.280763,-5.205490,0.840862,-2.206408,0.111140,1.663263,0.226739
16.380645,-5.264340,0.760158,-2.195332,0.110649,1.664550,0.220668
16.480527,-5.322296,0.678809,-2.184319,0.109837,1.664916,0.215702
16.580409,-5.379356,0.596829,-2.173379,0.109501,1.665465,0.210956
16.680291,-5.435515,0.514230,-2.162425,0.109838,1.664236,0.210473
16.780173,-5.490770,0.431022,-2.151626,0.106073,1.663553,0.209834
16.880055,-5.545138,0.347233,-2.141094,0.108840,1.660528,0.209164
16.979937,-5.598588,0.262855,-2.129603,0.121244,1.653851,0.212059
17.079819,-5.651017,0.177839,-2.117059,0.129573,1.648572,0.216679
17.179701,-5.702341,0.092151,-2.103710,0.137988,1.643443,0.220229
17.279583,-5.752479,0.005763,-2.089473,0.147090,1.639961,0.222318
17.379465,-5.801343,-0.081352,-2.074342,0.155849,1.637261,0.223930
17.479347,-5.848845,-0.169217,-2.058339,0.164591,1.633459,0.228097
17.579229,-5.894896,-0.257851,-2.041461,0.173357,1.627579,0.234208
17.679111,-5.939406,-0.347269,-2.023713,0.182014,1.621532,0.239160
17.778993,-5.982283,-0.437482,-2.005100,0.190638,1.615867,0.241305
17.878875,-6.023434,-0.528495,-1.985630,0.199220,1.610859,0.240987
17.978757,-6.062767,-0.620309,-1.965308,0.207669,1.602577,0.239804
18.078639,-6.100186,-0.712919,-1.944143,0.216071,1.598474,0.239786
18.178521,-6.135599,-0.806315,-1.922145,0.224402,1.594516,0.239450
18.278403,-6.168910,-0.900482,-1.899322,0.232548,1.591398,0.239719
18.378285,-6.200024,-0.995397,-1.875687,0.240628,1.582232,0.240783
18.478167,-6.228849,-1.091032,-1.851254,0.248605,1.573905,0.245364
18.578049,-6.255290,-1.187355,-1.826034,0.256334,1.568689,0.250301
18.677931,-6.279257,-1.284322,-1.800043,0.263977,1.560095,0.253486
18.777813,-6.300659,-1.381888,-1.773301,0.271476,1.553474,0.254388
18.877695,-6.319408,-1.479999,-1.745823,0.278657,1.546145,0.253597
18.977577,-6.335419,-1.578593,-1.717629,0.285730,1.540924,0.253396
19.077458,-6.348610,-1.677605,-1.688746,0.292610,1.539487,0.252912
19.177340,-6.358903,-1.776960,-1.659191,0.299099,1.538073,0.250181
19.277222,-6.366223,-1.876578,-1.628989,0.305456,1.535939,0.248745
19.377104,-6.370500,-1.976373,-1.598174,0.311566,1.533060,0.247211
19.476986,-6.371671,-2.076253,-1.566766,0.317211,1.517620,0.248174
19.576868,-6.369676,-2.176121,-1.534797,0.322701,1.505399,0.251257
19.676750,-6.364464,-2.275872,-1.502305,0.327887,1.498360,0.251396
19.776632,-6.355989,-2.375400,-1.469316,0.332541,1.494620,0.252696
19.876514,-6.344213,-2.474591,-1.435864,0.337018,1.491232,0.254528
19.976396,-6.329105,-2.573330,-1.401996,0.341133,1.487879,0.255882
20.076278,-6.310643,-2.671497,-1.367738,0.344660,1.484136,0.253406
20.176160,-6.288812,-2.768970,-1.333133,0.347991,1.479586,0.253373
20.276042,-6.263607,-2.865626,-1.298228,0.350906,1.478126,0.253458
20.375924,-6.235030,-2.961340,-1.263055,0.353194,1.477283,0.251788
20.475806,-6.203095,-3.055986,-1.227659,0.355272,1.469661,0.247827
20.575688,-6.167822,-3.149440,-1.192092,0.356889,1.465433,0.244001
20.675570,-6.129241,-3.241577,-1.156386,0.357860,1.465155,0.240375
20.775452,-6.087392,-3.332276,-1.120590,0.358612,1.465666,0.235643
20.875334,-6.042321,-3.421419,-1.084757,0.358870,1.463650,0.231290
20.975216,-5.994085,-3.508889,-1.048920,0.358486,1.455092,0.230461
21.075098,-5.942748,-3.594576,-1.013129,0.357882,1.449831,0.224093
21.174980,-5.888381,-3.678373,-0.977439,0.356768,1.444493,0.221304
21.274862,-5.831064,-3.760181,-0.941879,0.355036,1.438822,0.222419
21.374744,-5.770881,-3.839904,-0.906500,0.353090,1.434668,0.223768
21.474626,-5.707925,-3.917456,-0.871355,0.350635,1.428432,0.220638
21.574508,-5.642293,-3.992756,-0.836472,0.347610,1.425055,0.216341
21.674390,-5.574086,-4.065731,-0.801901,0.344380,1.417581,0.215936
21.774272,-5.503410,-4.136318,-0.767689,0.340653,1.410976,0.215648
21.874154,-5.430373,-4.204460,-0.733864,0.336447,1.408019,0.215349
21.974036,-5.355088,-4.270109,-0.700467,0.332023,1.405144,0.214906
22.073918,-5.277668,-4.333225,-0.667553,0.327030,1.402232,0.211004
22.173800,-5.198228,-4.393779,-0.635133,0.322054,1.395093,0.210594
22.273682,-5.116881,-4.451746,-0.603213,0.316472,1.389703,0.210137
22.373564,-5.033744,-4.507115,-0.571985,0.308819,1.384186,0.210075
22.473446,-4.948936,-4.559888,-0.541290,0.307171,1.380503,0.210434
22.573328,-4.862549,-4.610034,-0.510596,0.306833,1.373239,0.213901
22.673210,-4.774666,-4.657511,-0.480069,0.304428,1.363002,0.212878
22.773092,-4.685381,-4.702293,-0.449771,0.302222,1.350998,0.210945
22.872974,-4.594785,-4.744360,-0.419686,0.299905,1.344307,0.210426
22.972856,-4.502969,-4.783696,-0.389888,0.296758,1.337004,0.209118
23.072738,-4.410028,-4.820291,-0.360362,0.294650,1.327445,0.213326
23.172620,-4.316050,-4.854136,-0.331014,0.292772,1.318362,0.217156
23.272502,-4.221123,-4.885219,-0.301900,0.290191,1.310171,0.220006
23.372384,-4.125335,-4.913537,-0.273048,0.287418,1.299487,0.219816
23.472266,-4.028773,-4.939095,-0.244476,0.284556,1.288017,0.225814
23.572148,-3.931525,-4.961897,-0.216214,0.281357,1.279283,0.229039
23.672030,-3.833674,-4.981958,-0.188277,0.277910,1.269072,0.234281
23.771912,-3.735304,-4.999296,-0.160690,0.274360,1.254840,0.240785
23.871794,-3.636496,-5.013931,-0.133478,0.270523,1.241664,0.246824
23.971676,-3.537329,-5.025892,-0.106654,0.266468,1.230683,0.254086
24.071558,-3.437879,-5.035209,-0.080241,0.262320,1.220243,0.257709
24.171440,-3.338219,-5.041918,-0.054259,0.257919,1.208024,0.262972
24.271322,-3.238419,-5.046057,-0.028721,0.253334,1.197703,0.271736
24.371204,-3.138547,-5.047670,-0.003647,0.248668,1.185187,0.281527
24.471086,-3.038666,-5.046802,0.020947,0.243783,1.169550,0.292344
24.570967,-2.938835,-5.043502,0.045049,0.238748,1.148657,0.302801
24.670849,-2.839112,-5.037823,0.068644,0.233646,1.130463,0.313252
24.770731,-2.739548,-5.029818,0.091717,0.228358,1.114321,0.320078
24.870613,-2.640194,-5.019545,0.114260,0.222951,1.100783,0.326736
24.970495,-2.541092,-5.007061,0.136258,0.217490,1.089110,0.335489
25.070377,-2.442285,-4.992429,0.157702,0.211877,1.074931,0.348108
25.170259,-2.343811,-4.975708,0.178582,0.206173,1.059596,0.363148
25.270141,-2.245701,-4.956964,0.198890,0.200426,1.041721,0.378802
25.370023,-2.147986,-4.936259,0.218616,0.194558,1.021998,0.391735
25.469905,-2.050693,-4.913659,0.237755,0.188624,1.004529,0.401891
25.569787,-1.953842,-4.889231,0.256298,0.182656,0.987109,0.415335
25.669669,-1.857454,-4.863039,0.274240,0.176596,0.971800,0.425582
25.769551,-1.761542,-4.835152,0.291576,0.170490,0.954322,0.436880
25.869433,-1.666119,-4.805636,0.308299,0.164360,0.939495,0.450976
25.969315,-1.571194,-4.774557,0.324406,0.158162,0.925272,0.465093
26.069197,-1.476772,-4.741982,0.339894,0.151933,0.909409,0.479657
26.169079,-1.382855,-4.707979,0.354758,0.145687,0.894284,0.493343
26.268961,-1.289443,-4.672612,0.368995,0.139395,0.878123,0.499843
26.368843,-1.196532,-4.635949,0.382604,0.133084,0.861809,0.509569
26.468725,-1.104117,-4.598053,0.395581,0.126761,0.847510,0.520516
26.568607,-1.012190,-4.558991,0.407925,0.120410,0.835617,0.531715
26.668489,-0.920738,-4.518826,0.419635,0.114047,0.822619,0.542357
26.768371,-0.829751,-4.477622,0.430708,0.107679,0.811398,0.553258
26.868253,-0.739211,-4.435442,0.441145,0.101294,0.800389,0.563776
26.968135,-0.649104,-4.392348,0.450943,0.094904,0.786528,0.571935
27.068017,-0.559408,-4.348401,0.460103,0.088511,0.776520,0.579811
27.167899,-0.470105,-4.303664,0.468624,0.082110,0.768863,0.585269
27.267781,-0.381172,-4.258195,0.476506,0.075709,0.762370,0.589612
27.367663,-0.292585,-4.212056,0.483748,0.069307,0.756506,0.593109
27.467545,-0.204320,-4.165304,0.490351,0.062904,0.752670,0.594947
27.567427,-0.116351,-4.117999,0.496314,0.056501,0.751154,0.597187
27.667309,-0.028649,-4.070198,0.501638,0.050099,0.749907,0.598802
27.767191,0.058812,-4.021959,0.506322,0.043699,0.752744,0.600477
27.867073,0.146061,-3.973338,0.510368,0.037301,0.754690,0.602840
27.966955,0.233129,-3.924393,0.513774,0.030904,0.757920,0.601912
28.066837,0.320045,-3.875179,0.516541,0.024510,0.761176,0.600283
28.166719,0.406840,-3.825753,0.518670,0.018118,0.767742,0.599133
28.266601,0.493546,-3.776170,0.520161,0.011728,0.777141,0.594052
28.366483,0.580194,-3.726485,0.521013,0.005340,0.791118,0.587101
28.466365,0.666815,-3.676754,0.521227,-0.001046,0.804226,0.577758
28.566247,0.753442,-3.627032,0.520804,-0.007430,0.816884,0.567604
28.666129,0.840105,-3.577374,0.519743,-0.013812,0.833629,0.556985
28.766011,0.926837,-3.527836,0.518045,-0.020192,0.856270,0.546068
28.865893,1.013668,-3.478473,0.515710,-0.026572,0.875097,0.532889
28.965775,1.100630,-3.429341,0.512737,-0.032949,0.895578,0.516498
29.065657,1.187754,-3.380495,0.509128,-0.039325,0.924953,0.501375
29.165539,1.275068,-3.331991,0.504881,-0.045699,0.952985,0.487296
29.265421,1.362604,-3.283887,0.499999,-0.052071,0.978081,0.468447
29.365303,1.450388,-3.236238,0.494480,-0.058441,1.005829,0.446714
29.465185,1.538449,-3.189103,0.488324,-0.064809,1.033357,0.422992
29.565067,1.626813,-3.142539,0.481533,-0.071171,1.065541,0.398183
29.664949,1.715506,-3.096604,0.474107,-0.077531,1.094292,0.375568
29.764831,1.804552,-3.051357,0.466045,-0.083890,1.124592,0.349075
29.864713,1.893974,-3.006858,0.457350,-0.090227,1.159095,0.323408
29.964594,1.983793,-2.963166,0.448020,-0.096581,1.186080,0.297730
30.064476,2.074030,-2.920343,0.438055,-0.102944,1.213980,0.276063
30.164358,2.164703,-2.878450,0.427464,-0.109136,1.241200,0.261451
30.264240,2.255827,-2.837548,0.416245,-0.115635,1.258203,0.241686
30.364122,2.347417,-2.797701,0.404358,-0.122321,1.277876,0.228793
30.464004,2.439486,-2.758973,0.391914,-0.126855,1.289590,0.217255
30.563886,2.532039,-2.721416,0.378901,-0.135736,1.298432,0.209294
30.663768,2.625094,-2.685119,0.364709,-0.147603,1.302985,0.208400
30.763650,2.718656,-2.650154,0.350864,-0.129630,1.311745,0.211475
30.863532,2.812665,-2.616405,0.338700,-0.115955,1.316523,0.215609
30.963414,2.907058,-2.583749,0.327607,-0.106131,1.326879,0.220746
31.063296,3.001791,-2.552091,0.317606,-0.094131,1.329787,0.223800
31.163178,3.096818,-2.521326,0.308795,-0.082433,1.335290,0.235209
31.263060,3.192094,-2.491345,0.301132,-0.071014,1.333695,0.239897
31.362942,3.287581,-2.462040,0.294617,-0.059434,1.336103,0.244890
31.462824,3.383239,-2.433302,0.289258,-0.047875,1.336166,0.252800
31.562706,3.479034,-2.405022,0.285053,-0.036336,1.335903,0.261008
31.662588,3.574931,-2.377090,0.282000,-0.024786,1.335688,0.267096
31.762470,3.670897,-2.349395,0.280101,-0.013238,1.338229,0.272011
31.862352,3.766899,-2.321828,0.279356,-0.001692,1.343617,0.277269
31.962234,3.862906,-2.294276,0.279763,0.009854,1.351300,0.282556
32.062116,3.958886,-2.266630,0.281324,0.021400,1.360360,0.286471
32.161998,4.054806,-2.238779,0.284038,0.032945,1.361925,0.290629
32.261880,4.150635,-2.210613,0.287905,0.044489,1.367589,0.292257
32.361762,4.246337,-2.182021,0.292926,0.056031,1.373664,0.295105
32.461644,4.341878,-2.152894,0.299098,0.067573,1.380597,0.292844
32.561526,4.437220,-2.123122,0.306424,0.079108,1.392849,0.290991
32.661408,4.532324,-2.092598,0.314901,0.090638,1.398484,0.292735
32.761290,4.627148,-2.061215,0.324530,0.102166,1.411403,0.291582
32.861172,4.721647,-2.028865,0.335310,0.113673,1.422137,0.292055
32.961054,4.815772,-1.995444,0.347238,0.125168,1.431158,0.290041
33.060936,4.909473,-1.960850,0.360314,0.136656,1.440914,0.288681
33.160818,5.002693,-1.924979,0.374535,0.148094,1.446783,0.287390
33.260700,5.095372,-1.887734,0.389898,0.159508,1.454705,0.285243
33.360582,5.187446,-1.849017,0.406399,0.170906,1.466989,0.279844
33.460464,5.278846,-1.808733,0.424035,0.182208,1.478902,0.277380
33.560346,5.369499,-1.766793,0.442799,0.193470,1.488869,0.274704
33.660228,5.459323,-1.723109,0.462684,0.204696,1.499516,0.268517
33.760110,5.548237,-1.677598,0.483683,0.215762,1.506944,0.262111
33.859992,5.636149,-1.630181,0.505787,0.226765,1.517497,0.256206
33.959874,5.722965,-1.580785,0.528983,0.237705,1.525913,0.252455
34.059756,5.808584,-1.529342,0.553261,0.248396,1.533222,0.247165
34.159638,5.892901,-1.475790,0.578607,0.258996,1.542963,0.241132
34.259520,5.975804,-1.420075,0.605001,0.269495,1.550664,0.239171
34.359402,6.057179,-1.362150,0.632427,0.279637,1.557560,0.236814
34.459284,6.136904,-1.301973,0.660867,0.289653,1.563911,0.237949
34.559166,6.214855,-1.239516,0.690291,0.299517,1.570159,0.238879
34.659048,6.290904,-1.174755,0.720679,0.308897,1.575738,0.236388
34.758930,6.364918,-1.107678,0.752004,0.318114,1.587720,0.230911
34.858812,6.436765,-1.038284,0.784228,0.327117,1.597733,0.226299
34.958694,6.506307,-0.966579,0.817324,0.335494,1.603590,0.223487
35.058576,6.573407,-0.892585,0.851257,0.343676,1.608746,0.220139
35.158458,6.637928,-0.816331,0.885979,0.351585,1.613581,0.218185
35.258340,6.699733,-0.737859,0.921456,0.358653,1.616313,0.217976
35.358222,6.758687,-0.657223,0.957639,0.365604,1.621878,0.216759
35.458103,6.814658,-0.574488,0.994497,0.372399,1.624947,0.213789
35.557985,6.867516,-0.489730,1.031944,0.377154,1.627462,0.211379
35.657867,6.917143,-0.403040,1.069889,0.383377,1.632036,0.209130
